[
  {
    "key": "603-1",
    "verse": "112:1",
    "coord": [
      {
        "key": "112:1:1",
        "top": 21.5,
        "right": 2,
        "width": 38,
        "height": 5
      }
    ],
    "covers": {
      "firstWord": [
        {
          "key": "112:1:1",
          "top": 21.5,
          "right": 8,
          "width": 26,
          "height": 5
        }
      ],
      "invisible": [
        {
          "key": "112:1:1",
          "top": 21.5,
          "right": 2,
          "width": 32,
          "height": 5
        }
      ],
      "blocking": [{}],
      "blocking1": [{}],
      "blocking2": [{}]
    }
  },
  {
    "key": "603-2",
    "verse": "112:2",
    "coord": [
      {
        "key": "112:2:1",
        "top": 21.5,
        "right": 40,
        "width": 34,
        "height": 5
      }
    ],
    "covers": {
      "firstWord": [
        {
          "key": "112:2:1",
          "top": 21.5,
          "right": 48,
          "width": 20,
          "height": 5
        }
      ],
      "invisible": [
        {
          "key": "112:2:1",
          "top": 21.5,
          "right": 40,
          "width": 28,
          "height": 5
        }
      ],
      "blocking": [
        {
          "key": "112:2:1",
          "top": 21.5,
          "right": 40,
          "width": 35,
          "height": 5
        }
      ],
      "blocking1": [
        {
          "key": "112:4:1",
          "top": 26.6,
          "right": 35,
          "width": 60,
          "height": 5
        }
      ],
      "blocking2": [
        {
          "key": "112:4:1",
          "top": 26.6,
          "right": 35,
          "width": 60,
          "height": 5
        }
      ]
    }
  },
  {
    "key": "603-3",
    "verse": "112:3",
    "coord": [
      {
        "key": "112:3:1",
        "top": 21.5,
        "right": 74,
        "width": 20,
        "height": 5
      },
      {
        "key": "112:3:2",
        "top": 26.6,
        "right": 2,
        "width": 33,
        "height": 5
      }
    ],
    "covers": {
      "firstWord": [
        {
          "key": "112:3:1",
          "top": 21.5,
          "right": 86,
          "width": 7,
          "height": 5
        },
        {
          "key": "112:3:2",
          "top": 26.7,
          "right": 2,
          "width": 27,
          "height": 4.9
        }
      ],
      "invisible": [
        {
          "key": "112:3:1",
          "top": 21.5,
          "right": 74,
          "width": 20,
          "height": 5
        },
        {
          "key": "112:3:2",
          "top": 26.6,
          "right": 2,
          "width": 27,
          "height": 5
        }
      ],
      "blocking": [
        {
          "key": "112:3:1",
          "top": 21.5,
          "right": 74,
          "width": 20,
          "height": 5
        },
        {
          "key": "112:3:2",
          "top": 26.6,
          "right": 2,
          "width": 35,
          "height": 5
        }
      ],
      "blocking1": [
        {
          "key": "112:4:1",
          "top": 26.6,
          "right": 35,
          "width": 60,
          "height": 5
        }
      ],
      "blocking2": [
        {
          "key": "112:4:1",
          "top": 26.6,
          "right": 35,
          "width": 60,
          "height": 5
        }
      ]
    }
  },
  {
    "key": "603-4",
    "verse": "112:4",
    "coord": [
      {
        "key": "112:4:1",
        "top": 26.6,
        "right": 35,
        "width": 59,
        "height": 5
      }
    ],
    "covers": {
      "firstWord": [
        {
          "key": "112:4:1",
          "top": 26.7,
          "right": 47,
          "width": 40,
          "height": 4.8
        }
      ],
      "invisible": [
        {
          "key": "112:4:1",
          "top": 26.6,
          "right": 35,
          "width": 52,
          "height": 5
        }
      ],
      "blocking": [
        {
          "key": "112:4:1",
          "top": 26.6,
          "right": 35,
          "width": 60,
          "height": 5
        }
      ],
      "blocking1": [
        {
          "key": "112:4:1",
          "top": 26.6,
          "right": 35,
          "width": 60,
          "height": 5
        }
      ],
      "blocking2": [
        {
          "key": "112:4:1",
          "top": 26.6,
          "right": 35,
          "width": 60,
          "height": 5
        }
      ]
    }
  }
]
