[
  {
    "key": "490-1",
    "verse": "43:23",
    "coord": [
      {
        "key": "43:23:1",
        "top": 11.3,
        "right": 6.4,
        "width": 91.6,
        "height": 4.9
      },
      {
        "key": "43:23:2",
        "top": 16.4,
        "right": 6.4,
        "width": 88.1,
        "height": 5
      }
    ],
    "covers": {
      "firstWord": [
        {
          "key": "43:23:1",
          "top": 11.3,
          "right": 18,
          "width": 80,
          "height": 4.9
        },
        {
          "key": "43:23:2",
          "top": 16.4,
          "right": 6.4,
          "width": 83,
          "height": 5
        }
      ],
      "invisible": [
        {
          "key": "43:23:1",
          "top": 11.3,
          "right": 6.4,
          "width": 91.6,
          "height": 4.9
        },
        {
          "key": "43:23:2",
          "top": 16.4,
          "right": 6.4,
          "width": 83,
          "height": 5
        }
      ],
      "blocking": [
        {
          "key": "41:45:1",
          "top": 11.3,
          "right": 6.4,
          "width": 91.6,
          "height": 20.3
        },
        {
          "key": "41:45:1",
          "top": 31.7,
          "right": 6.4,
          "width": 35.5,
          "height": 5
        }
      ],
      "blocking1": [
        {
          "key": "41:45:1",
          "top": 31.7,
          "right": 41.9,
          "width": 56.1,
          "height": 5
        },
        {
          "key": "41:45:1",
          "top": 36.8,
          "right": 6.4,
          "width": 91.6,
          "height": 20.6
        },
        {
          "key": "41:45:1",
          "top": 57.4,
          "right": 6.4,
          "width": 85.5,
          "height": 5
        }
      ],
      "blocking2": [
        {
          "key": "41:45:1",
          "top": 57.4,
          "right": 91.9,
          "width": 6.1,
          "height": 5
        },
        {
          "key": "41:45:1",
          "top": 62.4,
          "right": 6.4,
          "width": 91.6,
          "height": 25.9
        }
      ]
    }
  },
  {
    "key": "490-2",
    "verse": "43:24",
    "coord": [
      {
        "key": "43:24:1",
        "top": 21.6,
        "right": 6.4,
        "width": 91.6,
        "height": 4.9
      },
      {
        "key": "43:24:2",
        "top": 26.7,
        "right": 6.4,
        "width": 37.6,
        "height": 4.9
      }
    ],
    "covers": {
      "firstWord": [
        {
          "key": "43:24:1",
          "top": 21.6,
          "right": 12.8,
          "width": 85,
          "height": 4.9
        },
        {
          "key": "43:24:2",
          "top": 26.7,
          "right": 6.4,
          "width": 32.5,
          "height": 4.9
        }
      ],
      "invisible": [
        {
          "key": "43:24:1",
          "top": 21.6,
          "right": 6.4,
          "width": 91.6,
          "height": 4.9
        },
        {
          "key": "43:24:2",
          "top": 26.7,
          "right": 6.4,
          "width": 32.5,
          "height": 4.9
        }
      ],
      "blocking": [{}],
      "blocking1": [{}],
      "blocking2": [{}]
    }
  },
  {
    "key": "490-3",
    "verse": "43:25",
    "coord": [
      {
        "key": "43:25:1",
        "top": 26.7,
        "right": 45,
        "width": 53,
        "height": 4.9
      },
      {
        "key": "43:25:2",
        "top": 31.8,
        "right": 6.4,
        "width": 34.4,
        "height": 4.9
      }
    ],
    "covers": {
      "firstWord": [
        {
          "key": "43:25:1",
          "top": 26.7,
          "right": 62,
          "width": 35.9,
          "height": 4.9
        },
        {
          "key": "43:25:2",
          "top": 31.8,
          "right": 6.4,
          "width": 29.7,
          "height": 4.9
        }
      ],
      "invisible": [
        {
          "key": "43:25:1",
          "top": 26.7,
          "right": 45,
          "width": 53,
          "height": 4.9
        },
        {
          "key": "43:25:2",
          "top": 31.8,
          "right": 6.4,
          "width": 29.3,
          "height": 4.9
        }
      ],
      "blocking": [{}],
      "blocking1": [{}],
      "blocking2": [{}]
    }
  },
  {
    "key": "490-4",
    "verse": "43:26",
    "coord": [
      {
        "key": "43:26:1",
        "top": 31.8,
        "right": 42,
        "width": 56,
        "height": 4.9
      },
      {
        "key": "43:26:2",
        "top": 36.9,
        "right": 6.4,
        "width": 33.9,
        "height": 5
      }
    ],
    "covers": {
      "firstWord": [
        {
          "key": "43:26:1",
          "top": 31.8,
          "right": 55,
          "width": 42.8,
          "height": 4.9
        },
        {
          "key": "43:26:2",
          "top": 36.9,
          "right": 6.4,
          "width": 28.8,
          "height": 5
        }
      ],
      "invisible": [
        {
          "key": "43:26:1",
          "top": 31.8,
          "right": 42,
          "width": 56,
          "height": 4.9
        },
        {
          "key": "43:26:2",
          "top": 36.9,
          "right": 6.4,
          "width": 28.8,
          "height": 5
        }
      ],
      "blocking": [{}],
      "blocking1": [{}],
      "blocking2": [{}]
    }
  },
  {
    "key": "490-5",
    "verse": "43:27",
    "coord": [
      {
        "key": "43:27:1",
        "top": 36.9,
        "right": 41,
        "width": 56.8,
        "height": 5
      }
    ],
    "covers": {
      "firstWord": [
        {
          "key": "43:27:1",
          "top": 36.9,
          "right": 47,
          "width": 45.7,
          "height": 5
        }
      ],
      "invisible": [
        {
          "key": "43:27:1",
          "top": 36.9,
          "right": 41,
          "width": 51.7,
          "height": 5
        }
      ],
      "blocking": [{}],
      "blocking1": [{}],
      "blocking2": [{}]
    }
  },
  {
    "key": "490-6",
    "verse": "43:28",
    "coord": [
      {
        "key": "43:28:1",
        "top": 42.1,
        "right": 6.4,
        "width": 85.1,
        "height": 4.8
      }
    ],
    "covers": {
      "firstWord": [
        {
          "key": "43:28:1",
          "top": 42.1,
          "right": 20,
          "width": 66.4,
          "height": 4.8
        }
      ],
      "invisible": [
        {
          "key": "43:28:1",
          "top": 42.1,
          "right": 6.4,
          "width": 80,
          "height": 4.8
        }
      ],
      "blocking": [{}],
      "blocking1": [{}],
      "blocking2": [{}]
    }
  },
  {
    "key": "490-7",
    "verse": "43:29",
    "coord": [
      {
        "key": "43:29:1",
        "top": 42.1,
        "right": 92,
        "width": 6,
        "height": 4.8
      },
      {
        "key": "43:29:2",
        "top": 47.2,
        "right": 6.4,
        "width": 90.9,
        "height": 4.9
      }
    ],
    "covers": {
      "firstWord": [
        {
          "key": "43:29:2",
          "top": 47.2,
          "right": 6.4,
          "width": 85.8,
          "height": 4.9
        }
      ],
      "invisible": [
        {
          "key": "43:29:1",
          "top": 42.1,
          "right": 92,
          "width": 6,
          "height": 4.8
        },
        {
          "key": "43:29:2",
          "top": 47.2,
          "right": 6.4,
          "width": 85.8,
          "height": 4.9
        }
      ],
      "blocking": [{}],
      "blocking1": [{}],
      "blocking2": [{}]
    }
  },
  {
    "key": "490-8",
    "verse": "43:30",
    "coord": [
      {
        "key": "43:30:1",
        "top": 52.4,
        "right": 6.4,
        "width": 81.6,
        "height": 4.8
      }
    ],
    "covers": {
      "firstWord": [
        {
          "key": "43:30:1",
          "top": 52.4,
          "right": 13.2,
          "width": 69.8,
          "height": 4.8
        }
      ],
      "invisible": [
        {
          "key": "43:30:1",
          "top": 52.4,
          "right": 6.4,
          "width": 76.5,
          "height": 4.8
        }
      ],
      "blocking": [{}],
      "blocking1": [{}],
      "blocking2": [{}]
    }
  },
  {
    "key": "490-9",
    "verse": "43:31",
    "coord": [
      {
        "key": "43:31:1",
        "top": 52.4,
        "right": 88.1,
        "width": 9.8,
        "height": 4.8
      },
      {
        "key": "43:31:2",
        "top": 57.5,
        "right": 6.4,
        "width": 84.9,
        "height": 4.8
      }
    ],
    "covers": {
      "firstWord": [
        {
          "key": "43:31:2",
          "top": 57.5,
          "right": 6.4,
          "width": 79.8,
          "height": 4.8
        }
      ],
      "invisible": [
        {
          "key": "43:31:1",
          "top": 52.4,
          "right": 88.1,
          "width": 9.8,
          "height": 4.8
        },
        {
          "key": "43:31:2",
          "top": 57.5,
          "right": 6.4,
          "width": 79.8,
          "height": 4.8
        }
      ],
      "blocking": [{}],
      "blocking1": [{}],
      "blocking2": [{}]
    }
  },
  {
    "key": "490-10",
    "verse": "43:32",
    "coord": [
      {
        "key": "43:32:1",
        "top": 57.5,
        "right": 91.7,
        "width": 6,
        "height": 4.8
      },
      {
        "key": "43:32:2",
        "top": 62.6,
        "right": 6.4,
        "width": 91.6,
        "height": 4.8
      },
      {
        "key": "43:32:3",
        "top": 67.7,
        "right": 6.4,
        "width": 91.6,
        "height": 4.8
      },
      {
        "key": "43:32:4",
        "top": 72.9,
        "right": 6.4,
        "width": 80.9,
        "height": 4.8
      }
    ],
    "covers": {
      "firstWord": [
        {
          "key": "43:32:2",
          "top": 62.6,
          "right": 6.4,
          "width": 91.6,
          "height": 4.8
        },
        {
          "key": "43:32:3",
          "top": 67.7,
          "right": 6.4,
          "width": 91.6,
          "height": 4.8
        },
        {
          "key": "43:32:4",
          "top": 72.9,
          "right": 6.4,
          "width": 75.8,
          "height": 4.8
        }
      ],
      "invisible": [
        {
          "key": "43:32:1",
          "top": 57.5,
          "right": 91.7,
          "width": 6,
          "height": 4.8
        },
        {
          "key": "43:32:2",
          "top": 62.6,
          "right": 6.4,
          "width": 91.6,
          "height": 4.8
        },
        {
          "key": "43:32:3",
          "top": 67.7,
          "right": 6.4,
          "width": 91.6,
          "height": 4.8
        },
        {
          "key": "43:32:4",
          "top": 72.9,
          "right": 6.4,
          "width": 75.8,
          "height": 4.8
        }
      ],
      "blocking": [{}],
      "blocking1": [{}],
      "blocking2": [{}]
    }
  },
  {
    "key": "490-11",
    "verse": "43:33",
    "coord": [
      {
        "key": "43:33:1",
        "top": 72.9,
        "right": 88.1,
        "width": 9.8,
        "height": 4.8
      },
      {
        "key": "43:33:2",
        "top": 77.9,
        "right": 6.4,
        "width": 91.6,
        "height": 4.9
      },
      {
        "key": "43:33:3",
        "top": 83.1,
        "right": 6.4,
        "width": 90.9,
        "height": 5
      }
    ],
    "covers": {
      "firstWord": [
        {
          "key": "43:33:2",
          "top": 77.9,
          "right": 6.4,
          "width": 91.6,
          "height": 4.9
        },
        {
          "key": "43:33:3",
          "top": 83.1,
          "right": 6.4,
          "width": 85.8,
          "height": 5
        }
      ],
      "invisible": [
        {
          "key": "43:33:1",
          "top": 72.9,
          "right": 88.1,
          "width": 9.8,
          "height": 4.8
        },
        {
          "key": "43:33:2",
          "top": 77.9,
          "right": 6.4,
          "width": 91.6,
          "height": 4.9
        },
        {
          "key": "43:33:3",
          "top": 83.1,
          "right": 6.4,
          "width": 85.8,
          "height": 5
        }
      ],
      "blocking": [{}],
      "blocking1": [{}],
      "blocking2": [{}]
    }
  }
]
