[
  {
    "key": "492-1",
    "verse": "43:48",
    "coord": [
      {
        "key": "43:48:1",
        "top": 11.3,
        "right": 6.4,
        "width": 91.6,
        "height": 4.9
      },
      {
        "key": "43:48:2",
        "top": 16.4,
        "right": 6.4,
        "width": 45.9,
        "height": 5
      }
    ],
    "covers": {
      "firstWord": [
        {
          "key": "43:48:1",
          "top": 11.3,
          "right": 23,
          "width": 75,
          "height": 4.9
        },
        {
          "key": "43:48:2",
          "top": 16.4,
          "right": 6.4,
          "width": 41.3,
          "height": 5
        }
      ],
      "invisible": [
        {
          "key": "43:48:1",
          "top": 11.3,
          "right": 6.4,
          "width": 91.8,
          "height": 4.9
        },
        {
          "key": "43:48:2",
          "top": 16.4,
          "right": 6.4,
          "width": 41.3,
          "height": 5
        }
      ],
      "blocking": [
        {
          "key": "41:47:1",
          "top": 11.3,
          "right": 6.4,
          "width": 91.6,
          "height": 25.47
        },
        {
          "key": "41:47:1",
          "top": 36.8,
          "right": 6.4,
          "width": 42,
          "height": 5.1
        }
      ],
      "blocking1": [
        {
          "key": "41:47:1",
          "top": 36.8,
          "right": 48.4,
          "width": 49.6,
          "height": 5.1
        },
        {
          "key": "41:47:1",
          "top": 41.9,
          "right": 6.4,
          "width": 91.6,
          "height": 20.5
        },
        {
          "key": "41:47:1",
          "top": 62.5,
          "right": 6.4,
          "width": 45.5,
          "height": 5
        }
      ],
      "blocking2": [
        {
          "key": "41:47:1",
          "top": 62.5,
          "right": 51.9,
          "width": 46.1,
          "height": 5
        },
        {
          "key": "41:47:1",
          "top": 67.5,
          "right": 6.4,
          "width": 91.6,
          "height": 20.7
        }
      ]
    }
  },
  {
    "key": "492-2",
    "verse": "43:49",
    "coord": [
      {
        "key": "43:49:1",
        "top": 16.4,
        "right": 53.5,
        "width": 44.5,
        "height": 5
      },
      {
        "key": "43:49:2",
        "top": 21.6,
        "right": 6.4,
        "width": 58.9,
        "height": 4.9
      }
    ],
    "covers": {
      "firstWord": [
        {
          "key": "43:49:1",
          "top": 16.4,
          "right": 63.5,
          "width": 34.4,
          "height": 5
        },
        {
          "key": "43:49:2",
          "top": 21.6,
          "right": 6.4,
          "width": 53.8,
          "height": 4.9
        }
      ],
      "invisible": [
        {
          "key": "43:49:1",
          "top": 16.4,
          "right": 53.5,
          "width": 44.5,
          "height": 5
        },
        {
          "key": "43:49:2",
          "top": 21.6,
          "right": 6.4,
          "width": 53.8,
          "height": 4.9
        }
      ],
      "blocking": [{}],
      "blocking1": [{}],
      "blocking2": [{}]
    }
  },
  {
    "key": "492-3",
    "verse": "43:50",
    "coord": [
      {
        "key": "43:50:1",
        "top": 21.6,
        "right": 66.5,
        "width": 31.5,
        "height": 4.9
      },
      {
        "key": "43:50:2",
        "top": 26.7,
        "right": 6.4,
        "width": 45.4,
        "height": 4.9
      }
    ],
    "covers": {
      "firstWord": [
        {
          "key": "43:50:1",
          "top": 21.6,
          "right": 74,
          "width": 24,
          "height": 4.9
        },
        {
          "key": "43:50:2",
          "top": 26.7,
          "right": 6.4,
          "width": 40.3,
          "height": 4.9
        }
      ],
      "invisible": [
        {
          "key": "43:50:1",
          "top": 21.6,
          "right": 66.5,
          "width": 31.5,
          "height": 4.9
        },
        {
          "key": "43:50:2",
          "top": 26.7,
          "right": 6.4,
          "width": 40.3,
          "height": 4.9
        }
      ],
      "blocking": [{}],
      "blocking1": [{}],
      "blocking2": [{}]
    }
  },
  {
    "key": "492-4",
    "verse": "43:51",
    "coord": [
      {
        "key": "43:51:1",
        "top": 26.7,
        "right": 53,
        "width": 45,
        "height": 4.9
      },
      {
        "key": "43:51:2",
        "top": 31.8,
        "right": 6.4,
        "width": 91.6,
        "height": 4.9
      },
      {
        "key": "43:51:3",
        "top": 36.9,
        "right": 6.4,
        "width": 40.9,
        "height": 5
      }
    ],
    "covers": {
      "firstWord": [
        {
          "key": "43:51:1",
          "top": 26.7,
          "right": 65.5,
          "width": 32.4,
          "height": 4.9
        },
        {
          "key": "43:51:2",
          "top": 31.8,
          "right": 6.4,
          "width": 91.6,
          "height": 4.9
        },
        {
          "key": "43:51:3",
          "top": 36.9,
          "right": 6.4,
          "width": 35.8,
          "height": 5
        }
      ],
      "invisible": [
        {
          "key": "43:51:1",
          "top": 26.7,
          "right": 53,
          "width": 45,
          "height": 4.9
        },
        {
          "key": "43:51:2",
          "top": 31.8,
          "right": 6.4,
          "width": 91.6,
          "height": 4.9
        },
        {
          "key": "43:51:3",
          "top": 36.9,
          "right": 6.4,
          "width": 35.8,
          "height": 5
        }
      ],
      "blocking": [{}],
      "blocking1": [{}],
      "blocking2": [{}]
    }
  },
  {
    "key": "492-5",
    "verse": "43:52",
    "coord": [
      {
        "key": "43:52:1",
        "top": 36.9,
        "right": 48,
        "width": 50,
        "height": 5
      },
      {
        "key": "43:52:2",
        "top": 42.1,
        "right": 6.4,
        "width": 38.6,
        "height": 4.8
      }
    ],
    "covers": {
      "firstWord": [
        {
          "key": "43:52:1",
          "top": 36.9,
          "right": 53,
          "width": 45,
          "height": 5
        },
        {
          "key": "43:52:2",
          "top": 42.1,
          "right": 6.4,
          "width": 33.5,
          "height": 4.8
        }
      ],
      "invisible": [
        {
          "key": "43:52:1",
          "top": 36.9,
          "right": 48,
          "width": 50,
          "height": 5
        },
        {
          "key": "43:52:2",
          "top": 42.1,
          "right": 6.4,
          "width": 33.5,
          "height": 4.8
        }
      ],
      "blocking": [{}],
      "blocking1": [{}],
      "blocking2": [{}]
    }
  },
  {
    "key": "492-6",
    "verse": "43:53",
    "coord": [
      {
        "key": "43:53:1",
        "top": 42.1,
        "right": 46,
        "width": 52,
        "height": 4.8
      },
      {
        "key": "43:53:2",
        "top": 47.2,
        "right": 6.4,
        "width": 70.8,
        "height": 4.9
      }
    ],
    "covers": {
      "firstWord": [
        {
          "key": "43:53:1",
          "top": 42.1,
          "right": 55.3,
          "width": 42.7,
          "height": 4.8
        },
        {
          "key": "43:53:2",
          "top": 47.2,
          "right": 6.4,
          "width": 64.8,
          "height": 4.9
        }
      ],
      "invisible": [
        {
          "key": "43:53:1",
          "top": 42.1,
          "right": 46,
          "width": 52,
          "height": 4.8
        },
        {
          "key": "43:53:2",
          "top": 47.2,
          "right": 6.4,
          "width": 64.8,
          "height": 4.9
        }
      ],
      "blocking": [{}],
      "blocking1": [{}],
      "blocking2": [{}]
    }
  },
  {
    "key": "492-7",
    "verse": "43:54",
    "coord": [
      {
        "key": "43:54:1",
        "top": 47.2,
        "right": 77,
        "width": 21,
        "height": 4.9
      },
      {
        "key": "43:54:2",
        "top": 52.4,
        "right": 6.4,
        "width": 66.9,
        "height": 4.8
      }
    ],
    "covers": {
      "firstWord": [
        {
          "key": "43:54:2",
          "top": 52.4,
          "right": 6.4,
          "width": 61.8,
          "height": 4.8
        }
      ],
      "invisible": [
        {
          "key": "43:54:1",
          "top": 47.2,
          "right": 77,
          "width": 21,
          "height": 4.9
        },
        {
          "key": "43:54:2",
          "top": 52.4,
          "right": 6.4,
          "width": 61.8,
          "height": 4.8
        }
      ],
      "blocking": [{}],
      "blocking1": [{}],
      "blocking2": [{}]
    }
  },
  {
    "key": "492-8",
    "verse": "43:55",
    "coord": [
      {
        "key": "43:55:1",
        "top": 52.4,
        "right": 74,
        "width": 24.1,
        "height": 4.8
      },
      {
        "key": "43:55:2",
        "top": 57.5,
        "right": 6.4,
        "width": 63.9,
        "height": 4.8
      }
    ],
    "covers": {
      "firstWord": [
        {
          "key": "43:55:1",
          "top": 52.4,
          "right": 83,
          "width": 15,
          "height": 4.8
        },
        {
          "key": "43:55:2",
          "top": 57.5,
          "right": 6.4,
          "width": 58.8,
          "height": 4.8
        }
      ],
      "invisible": [
        {
          "key": "43:55:1",
          "top": 52.4,
          "right": 74,
          "width": 24.1,
          "height": 4.8
        },
        {
          "key": "43:55:2",
          "top": 57.5,
          "right": 6.4,
          "width": 58.8,
          "height": 4.8
        }
      ],
      "blocking": [{}],
      "blocking1": [{}],
      "blocking2": [{}]
    }
  },
  {
    "key": "492-9",
    "verse": "43:56",
    "coord": [
      {
        "key": "43:56:1",
        "top": 57.5,
        "right": 71.4,
        "width": 26.6,
        "height": 4.8
      },
      {
        "key": "43:56:2",
        "top": 62.6,
        "right": 6.4,
        "width": 44.9,
        "height": 4.8
      }
    ],
    "covers": {
      "firstWord": [
        {
          "key": "43:56:1",
          "top": 57.5,
          "right": 89.4,
          "width": 8.7,
          "height": 4.8
        },
        {
          "key": "43:56:2",
          "top": 62.6,
          "right": 6.4,
          "width": 39.8,
          "height": 4.8
        }
      ],
      "invisible": [
        {
          "key": "43:56:1",
          "top": 57.5,
          "right": 71.4,
          "width": 26.6,
          "height": 4.8
        },
        {
          "key": "43:56:2",
          "top": 62.6,
          "right": 6.4,
          "width": 39.8,
          "height": 4.8
        }
      ],
      "blocking": [{}],
      "blocking1": [{}],
      "blocking2": [{}]
    }
  },
  {
    "key": "492-10",
    "verse": "43:57",
    "coord": [
      {
        "key": "43:57:1",
        "top": 62.6,
        "right": 55.7,
        "width": 42.1,
        "height": 4.8
      },
      {
        "key": "43:57:2",
        "top": 67.7,
        "right": 6.4,
        "width": 54.9,
        "height": 4.8
      }
    ],
    "covers": {
      "firstWord": [
        {
          "key": "43:57:1",
          "top": 62.6,
          "right": 63.8,
          "width": 34.2,
          "height": 4.8
        },
        {
          "key": "43:57:2",
          "top": 67.7,
          "right": 6.4,
          "width": 49.8,
          "height": 4.8
        }
      ],
      "invisible": [
        {
          "key": "43:57:1",
          "top": 62.6,
          "right": 55.7,
          "width": 42.1,
          "height": 4.8
        },
        {
          "key": "43:57:2",
          "top": 67.7,
          "right": 6.4,
          "width": 49.8,
          "height": 4.8
        }
      ],
      "blocking": [{}],
      "blocking1": [{}],
      "blocking2": [{}]
    }
  },
  {
    "key": "492-11",
    "verse": "43:58",
    "coord": [
      {
        "key": "43:58:1",
        "top": 67.7,
        "right": 63,
        "width": 35,
        "height": 4.8
      },
      {
        "key": "43:58:2",
        "top": 72.9,
        "right": 6.4,
        "width": 91.3,
        "height": 4.8
      }
    ],
    "covers": {
      "firstWord": [
        {
          "key": "43:58:1",
          "top": 67.7,
          "right": 73.8,
          "width": 23.9,
          "height": 4.8
        },
        {
          "key": "43:58:2",
          "top": 72.9,
          "right": 6.4,
          "width": 85.8,
          "height": 4.8
        }
      ],
      "invisible": [
        {
          "key": "43:58:1",
          "top": 67.7,
          "right": 63,
          "width": 35,
          "height": 4.8
        },
        {
          "key": "43:58:2",
          "top": 72.9,
          "right": 6.4,
          "width": 85.8,
          "height": 4.8
        }
      ],
      "blocking": [{}],
      "blocking1": [{}],
      "blocking2": [{}]
    }
  },
  {
    "key": "492-11",
    "verse": "43:59",
    "coord": [
      {
        "key": "43:59:1",
        "top": 77.9,
        "right": 6.4,
        "width": 91.6,
        "height": 4.9
      }
    ],
    "covers": {
      "firstWord": [
        {
          "key": "43:59:1",
          "top": 77.9,
          "right": 10.3,
          "width": 87.7,
          "height": 4.9
        }
      ],
      "invisible": [
        {
          "key": "43:59:1",
          "top": 77.9,
          "right": 6.4,
          "width": 91.6,
          "height": 4.9
        }
      ],
      "blocking": [{}],
      "blocking1": [{}],
      "blocking2": [{}]
    }
  },
  {
    "key": "492-12",
    "verse": "43:60",
    "coord": [
      {
        "key": "43:60:1",
        "top": 83.1,
        "right": 12,
        "width": 81.5,
        "height": 5
      }
    ],
    "covers": {
      "firstWord": [
        {
          "key": "43:60:1",
          "top": 83.1,
          "right": 18,
          "width": 74.5,
          "height": 5
        }
      ],
      "invisible": [
        {
          "key": "43:60:1",
          "top": 83.1,
          "right": 12,
          "width": 80.5,
          "height": 5
        }
      ],
      "blocking": [{}],
      "blocking1": [{}],
      "blocking2": [{}]
    }
  }
]
