[
  {
    "key": "494-1",
    "verse": "43:74",
    "coord": [
      {
        "key": "43:74:1",
        "top": 11.3,
        "right": 6.4,
        "width": 63.1,
        "height": 4.9
      }
    ],
    "covers": {
      "firstWord": [
        {
          "key": "43:74:1",
          "top": 11.3,
          "right": 12,
          "width": 52.6,
          "height": 4.9
        }
      ],
      "invisible": [
        {
          "key": "43:74:1",
          "top": 11.3,
          "right": 6.4,
          "width": 58,
          "height": 4.9
        }
      ],
      "blocking": [
        {
          "key": "41:45:1",
          "top": 11.3,
          "right": 6.4,
          "width": 91.6,
          "height": 20.3
        },
        {
          "key": "41:45:1",
          "top": 31.7,
          "right": 6.4,
          "width": 28.6,
          "height": 5
        }
      ],
      "blocking1": [
        {
          "key": "41:45:1",
          "top": 31.7,
          "right": 35,
          "width": 63,
          "height": 5
        },
        {
          "key": "41:45:1",
          "top": 36.8,
          "right": 6.4,
          "width": 91.6,
          "height": 20.6
        },
        {
          "key": "41:45:1",
          "top": 57.4,
          "right": 6.4,
          "width": 57.8,
          "height": 5
        }
      ],
      "blocking2": [
        {
          "key": "41:45:1",
          "top": 57.4,
          "right": 64.2,
          "width": 33.8,
          "height": 5
        },
        {
          "key": "41:45:1",
          "top": 62.4,
          "right": 6.4,
          "width": 91.6,
          "height": 25.9
        }
      ]
    }
  },
  {
    "key": "494-2",
    "verse": "43:75",
    "coord": [
      {
        "key": "43:75:1",
        "top": 11.3,
        "right": 70,
        "width": 28,
        "height": 4.9
      },
      {
        "key": "43:75:2",
        "top": 16.4,
        "right": 6.4,
        "width": 26.9,
        "height": 5
      }
    ],
    "covers": {
      "firstWord": [
        {
          "key": "43:75:1",
          "top": 11.3,
          "right": 82,
          "width": 16,
          "height": 4.9
        },
        {
          "key": "43:75:2",
          "top": 16.4,
          "right": 6.4,
          "width": 21.8,
          "height": 5
        }
      ],
      "invisible": [
        {
          "key": "43:75:1",
          "top": 11.3,
          "right": 70,
          "width": 28,
          "height": 4.9
        },
        {
          "key": "43:75:2",
          "top": 16.4,
          "right": 6.4,
          "width": 21.8,
          "height": 5
        }
      ],
      "blocking": [{}],
      "blocking1": [{}],
      "blocking2": [{}]
    }
  },
  {
    "key": "494-3",
    "verse": "43:76",
    "coord": [
      {
        "key": "43:76:1",
        "top": 16.4,
        "right": 33.5,
        "width": 63.1,
        "height": 5
      }
    ],
    "covers": {
      "firstWord": [
        {
          "key": "43:76:1",
          "top": 16.4,
          "right": 40,
          "width": 51.5,
          "height": 5
        }
      ],
      "invisible": [
        {
          "key": "43:76:1",
          "top": 16.4,
          "right": 33.5,
          "width": 58,
          "height": 5
        }
      ],
      "blocking": [{}],
      "blocking1": [{}],
      "blocking2": [{}]
    }
  },
  {
    "key": "494-4",
    "verse": "43:77",
    "coord": [
      {
        "key": "43:77:1",
        "top": 21.6,
        "right": 6.4,
        "width": 83.1,
        "height": 4.9
      }
    ],
    "covers": {
      "firstWord": [
        {
          "key": "43:77:1",
          "top": 21.6,
          "right": 17.6,
          "width": 66.7,
          "height": 4.9
        }
      ],
      "invisible": [
        {
          "key": "43:77:1",
          "top": 21.6,
          "right": 6.4,
          "width": 78,
          "height": 4.9
        }
      ],
      "blocking": [{}],
      "blocking1": [{}],
      "blocking2": [{}]
    }
  },
  {
    "key": "494-5",
    "verse": "43:78",
    "coord": [
      {
        "key": "43:78:1",
        "top": 21.6,
        "right": 90,
        "width": 7.5,
        "height": 4.9
      },
      {
        "key": "43:78:2",
        "top": 26.7,
        "right": 6.4,
        "width": 69.1,
        "height": 4.9
      }
    ],
    "covers": {
      "firstWord": [
        {
          "key": "43:78:2",
          "top": 26.7,
          "right": 6.4,
          "width": 64,
          "height": 4.9
        }
      ],
      "invisible": [
        {
          "key": "43:78:1",
          "top": 21.6,
          "right": 90,
          "width": 7.5,
          "height": 4.9
        },
        {
          "key": "43:78:2",
          "top": 26.7,
          "right": 6.4,
          "width": 64,
          "height": 4.9
        }
      ],
      "blocking": [{}],
      "blocking1": [{}],
      "blocking2": [{}]
    }
  },
  {
    "key": "494-6",
    "verse": "43:79",
    "coord": [
      {
        "key": "43:79:1",
        "top": 26.7,
        "right": 76.5,
        "width": 21,
        "height": 4.9
      },
      {
        "key": "43:79:2",
        "top": 31.8,
        "right": 6.4,
        "width": 27.6,
        "height": 4.9
      }
    ],
    "covers": {
      "firstWord": [
        {
          "key": "43:79:1",
          "top": 26.7,
          "right": 81,
          "width": 17,
          "height": 4.9
        },
        {
          "key": "43:79:2",
          "top": 31.8,
          "right": 6.4,
          "width": 22.5,
          "height": 4.9
        }
      ],
      "invisible": [
        {
          "key": "43:79:1",
          "top": 26.7,
          "right": 76.5,
          "width": 21,
          "height": 4.9
        },
        {
          "key": "43:79:2",
          "top": 31.8,
          "right": 6.4,
          "width": 22.5,
          "height": 4.9
        }
      ],
      "blocking": [{}],
      "blocking1": [{}],
      "blocking2": [{}]
    }
  },
  {
    "key": "494-7",
    "verse": "43:80",
    "coord": [
      {
        "key": "43:80:1",
        "top": 31.8,
        "right": 35,
        "width": 62.5,
        "height": 4.9
      },
      {
        "key": "43:80:2",
        "top": 36.9,
        "right": 6.4,
        "width": 54.1,
        "height": 5
      }
    ],
    "covers": {
      "firstWord": [
        {
          "key": "43:80:1",
          "top": 31.8,
          "right": 39,
          "width": 58.5,
          "height": 4.9
        },
        {
          "key": "43:80:2",
          "top": 36.9,
          "right": 6.4,
          "width": 49,
          "height": 5
        }
      ],
      "invisible": [
        {
          "key": "43:80:1",
          "top": 31.8,
          "right": 35,
          "width": 62.5,
          "height": 4.9
        },
        {
          "key": "43:80:2",
          "top": 36.9,
          "right": 6.4,
          "width": 49,
          "height": 5
        }
      ],
      "blocking": [{}],
      "blocking1": [{}],
      "blocking2": [{}]
    }
  },
  {
    "key": "494-8",
    "verse": "43:81",
    "coord": [
      {
        "key": "43:81:1",
        "top": 36.9,
        "right": 61,
        "width": 36.4,
        "height": 5
      },
      {
        "key": "43:81:2",
        "top": 42.1,
        "right": 6.4,
        "width": 32.1,
        "height": 4.8
      }
    ],
    "covers": {
      "firstWord": [
        {
          "key": "43:81:1",
          "top": 36.9,
          "right": 66,
          "width": 31.4,
          "height": 5
        },
        {
          "key": "43:81:2",
          "top": 42.1,
          "right": 6.4,
          "width": 27,
          "height": 4.8
        }
      ],
      "invisible": [
        {
          "key": "43:81:1",
          "top": 36.9,
          "right": 61,
          "width": 36.4,
          "height": 5
        },
        {
          "key": "43:81:2",
          "top": 42.1,
          "right": 6.4,
          "width": 27,
          "height": 4.8
        }
      ],
      "blocking": [{}],
      "blocking1": [{}],
      "blocking2": [{}]
    }
  },
  {
    "key": "494-9",
    "verse": "43:82",
    "coord": [
      {
        "key": "43:82:1",
        "top": 42.1,
        "right": 40,
        "width": 57.4,
        "height": 4.8
      },
      {
        "key": "43:82:2",
        "top": 47.2,
        "right": 6.4,
        "width": 38.6,
        "height": 4.9
      }
    ],
    "covers": {
      "firstWord": [
        {
          "key": "43:82:1",
          "top": 42.1,
          "right": 52.8,
          "width": 44.5,
          "height": 4.8
        },
        {
          "key": "43:82:2",
          "top": 47.2,
          "right": 6.4,
          "width": 33.5,
          "height": 4.9
        }
      ],
      "invisible": [
        {
          "key": "43:82:1",
          "top": 42.1,
          "right": 40,
          "width": 57.4,
          "height": 4.8
        },
        {
          "key": "43:82:2",
          "top": 47.2,
          "right": 6.4,
          "width": 33.5,
          "height": 4.9
        }
      ],
      "blocking": [{}],
      "blocking1": [{}],
      "blocking2": [{}]
    }
  },
  {
    "key": "494-10",
    "verse": "43:83",
    "coord": [
      {
        "key": "43:83:1",
        "top": 47.2,
        "right": 45,
        "width": 52,
        "height": 4.9
      },
      {
        "key": "43:83:2",
        "top": 52.4,
        "right": 6.4,
        "width": 44.1,
        "height": 4.8
      }
    ],
    "covers": {
      "firstWord": [
        {
          "key": "43:83:1",
          "top": 47.2,
          "right": 56,
          "width": 41,
          "height": 4.9
        },
        {
          "key": "43:83:2",
          "top": 52.4,
          "right": 6.4,
          "width": 39,
          "height": 4.8
        }
      ],
      "invisible": [
        {
          "key": "43:83:1",
          "top": 47.2,
          "right": 45,
          "width": 52,
          "height": 4.9
        },
        {
          "key": "43:83:2",
          "top": 52.4,
          "right": 6.4,
          "width": 39,
          "height": 4.8
        }
      ],
      "blocking": [{}],
      "blocking1": [{}],
      "blocking2": [{}]
    }
  },
  {
    "key": "494-11",
    "verse": "43:84",
    "coord": [
      {
        "key": "43:84:1",
        "top": 52.4,
        "right": 52,
        "width": 45.5,
        "height": 4.8
      },
      {
        "key": "43:84:2",
        "top": 57.5,
        "right": 6.4,
        "width": 57.1,
        "height": 4.8
      }
    ],
    "covers": {
      "firstWord": [
        {
          "key": "43:84:1",
          "top": 52.4,
          "right": 60,
          "width": 37.5,
          "height": 4.8
        },
        {
          "key": "43:84:2",
          "top": 57.5,
          "right": 6.4,
          "width": 52,
          "height": 4.8
        }
      ],
      "invisible": [
        {
          "key": "43:84:1",
          "top": 52.4,
          "right": 52,
          "width": 45.5,
          "height": 4.8
        },
        {
          "key": "43:84:2",
          "top": 57.5,
          "right": 6.4,
          "width": 52,
          "height": 4.8
        }
      ],
      "blocking": [{}],
      "blocking1": [{}],
      "blocking2": [{}]
    }
  },
  {
    "key": "494-12",
    "verse": "43:85",
    "coord": [
      {
        "key": "43:85:1",
        "top": 57.5,
        "right": 65,
        "width": 32.5,
        "height": 4.8
      },
      {
        "key": "43:85:2",
        "top": 62.6,
        "right": 6.4,
        "width": 91.6,
        "height": 4.8
      },
      {
        "key": "43:85:3",
        "top": 67.7,
        "right": 6.4,
        "width": 17.6,
        "height": 4.8
      }
    ],
    "covers": {
      "firstWord": [
        {
          "key": "43:85:1",
          "top": 57.5,
          "right": 76.5,
          "width": 21,
          "height": 4.8
        },
        {
          "key": "43:85:2",
          "top": 62.6,
          "right": 6.4,
          "width": 91.6,
          "height": 4.8
        },
        {
          "key": "43:85:3",
          "top": 67.7,
          "right": 6.4,
          "width": 12.5,
          "height": 4.8
        }
      ],
      "invisible": [
        {
          "key": "43:85:1",
          "top": 57.5,
          "right": 65,
          "width": 32.5,
          "height": 4.8
        },
        {
          "key": "43:85:2",
          "top": 62.6,
          "right": 6.4,
          "width": 91.6,
          "height": 4.8
        },
        {
          "key": "43:85:3",
          "top": 67.7,
          "right": 6.4,
          "width": 12.5,
          "height": 4.8
        }
      ],
      "blocking": [{}],
      "blocking1": [{}],
      "blocking2": [{}]
    }
  },
  {
    "key": "494-13",
    "verse": "43:86",
    "coord": [
      {
        "key": "43:86:1",
        "top": 67.7,
        "right": 24,
        "width": 73.5,
        "height": 4.8
      },
      {
        "key": "43:86:2",
        "top": 72.9,
        "right": 6.4,
        "width": 51.1,
        "height": 4.8
      }
    ],
    "covers": {
      "firstWord": [
        {
          "key": "43:86:1",
          "top": 67.7,
          "right": 41,
          "width": 57,
          "height": 4.8
        },
        {
          "key": "43:86:2",
          "top": 72.9,
          "right": 6.4,
          "width": 46,
          "height": 4.8
        }
      ],
      "invisible": [
        {
          "key": "43:86:1",
          "top": 67.7,
          "right": 24,
          "width": 73.5,
          "height": 4.8
        },
        {
          "key": "43:86:2",
          "top": 72.9,
          "right": 6.4,
          "width": 46,
          "height": 4.8
        }
      ],
      "blocking": [{}],
      "blocking1": [{}],
      "blocking2": [{}]
    }
  },
  {
    "key": "494-14",
    "verse": "43:87",
    "coord": [
      {
        "key": "43:87:1",
        "top": 72.9,
        "right": 57.5,
        "width": 40.5,
        "height": 4.8
      },
      {
        "key": "43:87:2",
        "top": 77.9,
        "right": 6.4,
        "width": 42.6,
        "height": 4.9
      }
    ],
    "covers": {
      "firstWord": [
        {
          "key": "43:87:1",
          "top": 72.9,
          "right": 66,
          "width": 32,
          "height": 4.8
        },
        {
          "key": "43:87:2",
          "top": 77.9,
          "right": 6.4,
          "width": 37.5,
          "height": 4.9
        }
      ],
      "invisible": [
        {
          "key": "43:87:1",
          "top": 72.9,
          "right": 57.5,
          "width": 40.5,
          "height": 4.8
        },
        {
          "key": "43:87:2",
          "top": 77.9,
          "right": 6.4,
          "width": 37.5,
          "height": 4.9
        }
      ],
      "blocking": [{}],
      "blocking1": [{}],
      "blocking2": [{}]
    }
  },
  {
    "key": "494-15",
    "verse": "43:88",
    "coord": [
      {
        "key": "43:88:1",
        "top": 77.9,
        "right": 49.7,
        "width": 48.3,
        "height": 4.9
      },
      {
        "key": "43:88:2",
        "top": 83.1,
        "right": 6.4,
        "width": 22.1,
        "height": 5
      }
    ],
    "covers": {
      "firstWord": [
        {
          "key": "43:88:1",
          "top": 77.9,
          "right": 61.6,
          "width": 36.4,
          "height": 4.9
        },
        {
          "key": "43:88:2",
          "top": 83.1,
          "right": 6.4,
          "width": 17,
          "height": 5
        }
      ],
      "invisible": [
        {
          "key": "43:88:1",
          "top": 77.9,
          "right": 49.7,
          "width": 48.3,
          "height": 4.9
        },
        {
          "key": "43:88:2",
          "top": 83.1,
          "right": 6.4,
          "width": 17,
          "height": 5
        }
      ],
      "blocking": [{}],
      "blocking1": [{}],
      "blocking2": [{}]
    }
  },
  {
    "key": "494-16",
    "verse": "43:89",
    "coord": [
      {
        "key": "43:89:1",
        "top": 83.1,
        "right": 30,
        "width": 67.1,
        "height": 5
      }
    ],
    "covers": {
      "firstWord": [
        {
          "key": "43:89:1",
          "top": 83.1,
          "right": 42.5,
          "width": 49.5,
          "height": 5
        }
      ],
      "invisible": [
        {
          "key": "43:89:1",
          "top": 83.1,
          "right": 30,
          "width": 62,
          "height": 5
        }
      ],
      "blocking": [{}],
      "blocking1": [{}],
      "blocking2": [{}]
    }
  }
]
