[
  {
    "key": "496-1",
    "verse": "44:19",
    "coord": [
      {
        "key": "44:19:1",
        "top": 11.3,
        "right": 6.4,
        "width": 73.7,
        "height": 4.9
      }
    ],
    "covers": {
      "firstWord": [
        {
          "key": "44:19:1",
          "top": 11.3,
          "right": 13.1,
          "width": 61.9,
          "height": 4.9
        }
      ],
      "invisible": [
        {
          "key": "44:19:1",
          "top": 11.3,
          "right": 6.4,
          "width": 68.6,
          "height": 4.9
        }
      ],
      "blocking": [
        {
          "key": "43:11:1",
          "top": 11.3,
          "right": 6.4,
          "width": 91.6,
          "height": 30.6
        },
        {
          "key": "43:11:1",
          "top": 42,
          "right": 6.4,
          "width": 82.3,
          "height": 5
        }
      ],
      "blocking1": [
        {
          "key": "43:11:1",
          "top": 42,
          "right": 88.7,
          "width": 9.3,
          "height": 5
        },
        {
          "key": "43:11:1",
          "top": 47.1,
          "right": 6.4,
          "width": 91.6,
          "height": 20.6
        },
        {
          "key": "43:11:1",
          "top": 67.6,
          "right": 6.4,
          "width": 27.5,
          "height": 5
        }
      ],
      "blocking2": [
        {
          "key": "43:11:1",
          "top": 67.6,
          "right": 33.9,
          "width": 64.1,
          "height": 5
        },
        {
          "key": "43:11:1",
          "top": 72.6,
          "right": 6.4,
          "width": 91.6,
          "height": 15.6
        }
      ]
    }
  },
  {
    "key": "496-2",
    "verse": "44:20",
    "coord": [
      {
        "key": "44:20:1",
        "top": 11.3,
        "right": 80.6,
        "width": 17.4,
        "height": 4.9
      },
      {
        "key": "44:20:2",
        "top": 16.4,
        "right": 6.4,
        "width": 40.7,
        "height": 5
      }
    ],
    "covers": {
      "firstWord": [
        {
          "key": "44:20:1",
          "top": 11.3,
          "right": 88,
          "width": 10,
          "height": 4.9
        },
        {
          "key": "44:20:2",
          "top": 16.4,
          "right": 6.4,
          "width": 35.6,
          "height": 5
        }
      ],
      "invisible": [
        {
          "key": "44:20:1",
          "top": 11.3,
          "right": 80.6,
          "width": 17.4,
          "height": 4.9
        },
        {
          "key": "44:20:2",
          "top": 16.4,
          "right": 6.4,
          "width": 35.6,
          "height": 5
        }
      ],
      "blocking": [{}],
      "blocking1": [{}],
      "blocking2": [{}]
    }
  },
  {
    "key": "496-3",
    "verse": "44:21",
    "coord": [
      {
        "key": "44:21:1",
        "top": 16.4,
        "right": 47.4,
        "width": 41.8,
        "height": 5
      }
    ],
    "covers": {
      "firstWord": [
        {
          "key": "44:21:1",
          "top": 16.4,
          "right": 53.6,
          "width": 30.5,
          "height": 5
        }
      ],
      "invisible": [
        {
          "key": "44:21:1",
          "top": 16.4,
          "right": 47.4,
          "width": 36.7,
          "height": 5
        }
      ],
      "blocking": [{}],
      "blocking1": [{}],
      "blocking2": [{}]
    }
  },
  {
    "key": "496-4",
    "verse": "44:22",
    "coord": [
      {
        "key": "44:22:1",
        "top": 16.4,
        "right": 89.9,
        "width": 8.1,
        "height": 5
      },
      {
        "key": "44:22:2",
        "top": 21.6,
        "right": 6.4,
        "width": 54.1,
        "height": 4.9
      }
    ],
    "covers": {
      "firstWord": [],
      "invisible": [
        {
          "key": "44:22:2",
          "top": 21.6,
          "right": 6.4,
          "width": 49,
          "height": 4.9
        }
      ],
      "blocking": [{}],
      "blocking1": [{}],
      "blocking2": [{}]
    }
  },
  {
    "key": "496-5",
    "verse": "44:23",
    "coord": [
      {
        "key": "44:23:1",
        "top": 21.6,
        "right": 61.8,
        "width": 36.2,
        "height": 4.9
      },
      {
        "key": "44:23:2",
        "top": 26.7,
        "right": 6.4,
        "width": 17.6,
        "height": 4.9
      }
    ],
    "covers": {
      "firstWord": [
        {
          "key": "44:23:1",
          "top": 21.6,
          "right": 71.5,
          "width": 26.5,
          "height": 4.9
        },
        {
          "key": "44:23:2",
          "top": 26.7,
          "right": 6.4,
          "width": 12.5,
          "height": 4.9
        }
      ],
      "invisible": [
        {
          "key": "44:23:1",
          "top": 21.6,
          "right": 61.8,
          "width": 36.2,
          "height": 4.9
        },
        {
          "key": "44:23:2",
          "top": 26.7,
          "right": 6.4,
          "width": 12.5,
          "height": 4.9
        }
      ],
      "blocking": [{}],
      "blocking1": [{}],
      "blocking2": [{}]
    }
  },
  {
    "key": "496-6",
    "verse": "44:24",
    "coord": [
      {
        "key": "44:24:1",
        "top": 26.7,
        "right": 24.5,
        "width": 56.9,
        "height": 4.9
      }
    ],
    "covers": {
      "firstWord": [
        {
          "key": "44:24:1",
          "top": 26.7,
          "right": 34.9,
          "width": 46.9,
          "height": 4.9
        }
      ],
      "invisible": [
        {
          "key": "44:24:1",
          "top": 26.7,
          "right": 24.5,
          "width": 57.4,
          "height": 4.9
        }
      ],
      "blocking": [{}],
      "blocking1": [{}],
      "blocking2": [{}]
    }
  },
  {
    "key": "496-7",
    "verse": "44:25",
    "coord": [
      {
        "key": "44:25:1",
        "top": 26.7,
        "right": 87.6,
        "width": 10,
        "height": 4.9
      },
      {
        "key": "44:25:2",
        "top": 31.8,
        "right": 6.4,
        "width": 41.8,
        "height": 4.9
      }
    ],
    "covers": {
      "firstWord": [
        {
          "key": "44:25:2",
          "top": 31.8,
          "right": 6.4,
          "width": 36.7,
          "height": 4.9
        }
      ],
      "invisible": [
        {
          "key": "44:25:1",
          "top": 26.7,
          "right": 87.6,
          "width": 10,
          "height": 4.9
        },
        {
          "key": "44:25:2",
          "top": 31.8,
          "right": 6.4,
          "width": 36.7,
          "height": 4.9
        }
      ],
      "blocking": [{}],
      "blocking1": [{}],
      "blocking2": [{}]
    }
  },
  {
    "key": "496-8",
    "verse": "44:26",
    "coord": [
      {
        "key": "44:26:1",
        "top": 31.8,
        "right": 49,
        "width": 36.1,
        "height": 4.9
      }
    ],
    "covers": {
      "firstWord": [
        {
          "key": "44:26:1",
          "top": 31.8,
          "right": 61.6,
          "width": 18.4,
          "height": 4.9
        }
      ],
      "invisible": [
        {
          "key": "44:26:1",
          "top": 31.8,
          "right": 49,
          "width": 31,
          "height": 4.9
        }
      ],
      "blocking": [{}],
      "blocking1": [{}],
      "blocking2": [{}]
    }
  },
  {
    "key": "496-9",
    "verse": "44:27",
    "coord": [
      {
        "key": "44:27:1",
        "top": 31.8,
        "right": 85.9,
        "width": 12.1,
        "height": 4.9
      },
      {
        "key": "44:27:2",
        "top": 36.9,
        "right": 6.4,
        "width": 33,
        "height": 5
      }
    ],
    "covers": {
      "firstWord": [
        {
          "key": "44:27:2",
          "top": 36.9,
          "right": 6.4,
          "width": 28,
          "height": 5
        }
      ],
      "invisible": [
        {
          "key": "44:27:1",
          "top": 31.8,
          "right": 85.9,
          "width": 12.1,
          "height": 4.9
        },
        {
          "key": "44:27:2",
          "top": 36.9,
          "right": 6.4,
          "width": 28,
          "height": 5
        }
      ],
      "blocking": [{}],
      "blocking1": [{}],
      "blocking2": [{}]
    }
  },
  {
    "key": "496-10",
    "verse": "44:28",
    "coord": [
      {
        "key": "44:28:1",
        "top": 36.9,
        "right": 40.2,
        "width": 57.1,
        "height": 5
      }
    ],
    "covers": {
      "firstWord": [
        {
          "key": "44:28:1",
          "top": 36.9,
          "right": 52,
          "width": 40,
          "height": 5
        }
      ],
      "invisible": [
        {
          "key": "44:28:1",
          "top": 36.9,
          "right": 40.2,
          "width": 52,
          "height": 5
        }
      ],
      "blocking": [{}],
      "blocking1": [{}],
      "blocking2": [{}]
    }
  },
  {
    "key": "496-11",
    "verse": "44:29",
    "coord": [
      {
        "key": "44:29:1",
        "top": 42.1,
        "right": 6.4,
        "width": 82,
        "height": 4.8
      }
    ],
    "covers": {
      "firstWord": [
        {
          "key": "44:29:1",
          "top": 42.1,
          "right": 12,
          "width": 71.5,
          "height": 4.8
        }
      ],
      "invisible": [
        {
          "key": "44:29:1",
          "top": 42.1,
          "right": 6.4,
          "width": 76.9,
          "height": 4.8
        }
      ],
      "blocking": [{}],
      "blocking1": [{}],
      "blocking2": [{}]
    }
  },
  {
    "key": "496-12",
    "verse": "44:30",
    "coord": [
      {
        "key": "44:30:1",
        "top": 42.1,
        "right": 89,
        "width": 9,
        "height": 4.8
      },
      {
        "key": "44:30:2",
        "top": 47.2,
        "right": 6.4,
        "width": 66.6,
        "height": 4.9
      }
    ],
    "covers": {
      "firstWord": [
        {
          "key": "44:30:2",
          "top": 47.2,
          "right": 6.4,
          "width": 61.5,
          "height": 4.9
        }
      ],
      "invisible": [
        {
          "key": "44:30:1",
          "top": 42.1,
          "right": 89,
          "width": 9,
          "height": 4.8
        },
        {
          "key": "44:30:2",
          "top": 47.2,
          "right": 6.4,
          "width": 61.5,
          "height": 4.9
        }
      ],
      "blocking": [{}],
      "blocking1": [{}],
      "blocking2": [{}]
    }
  },
  {
    "key": "496-13",
    "verse": "44:31",
    "coord": [
      {
        "key": "44:31:1",
        "top": 47.2,
        "right": 73.8,
        "width": 24.2,
        "height": 4.9
      },
      {
        "key": "44:31:2",
        "top": 52.4,
        "right": 6.4,
        "width": 47.1,
        "height": 4.8
      }
    ],
    "covers": {
      "firstWord": [
        {
          "key": "44:31:1",
          "top": 47.2,
          "right": 79.8,
          "width": 18.2,
          "height": 4.9
        },
        {
          "key": "44:31:2",
          "top": 52.4,
          "right": 6.4,
          "width": 42,
          "height": 4.8
        }
      ],
      "invisible": [
        {
          "key": "44:31:1",
          "top": 47.2,
          "right": 73.8,
          "width": 24.2,
          "height": 4.9
        },
        {
          "key": "44:31:2",
          "top": 52.4,
          "right": 6.4,
          "width": 42,
          "height": 4.8
        }
      ],
      "blocking": [{}],
      "blocking1": [{}],
      "blocking2": [{}]
    }
  },
  {
    "key": "496-14",
    "verse": "44:32",
    "coord": [
      {
        "key": "44:32:1",
        "top": 52.4,
        "right": 54,
        "width": 44,
        "height": 4.8
      },
      {
        "key": "44:32:2",
        "top": 57.5,
        "right": 6.4,
        "width": 18.7,
        "height": 4.8
      }
    ],
    "covers": {
      "firstWord": [
        {
          "key": "44:32:1",
          "top": 52.4,
          "right": 62.4,
          "width": 35.6,
          "height": 4.8
        },
        {
          "key": "44:32:2",
          "top": 57.5,
          "right": 6.4,
          "width": 13.6,
          "height": 4.8
        }
      ],
      "invisible": [
        {
          "key": "44:32:1",
          "top": 52.4,
          "right": 54,
          "width": 44,
          "height": 4.8
        },
        {
          "key": "44:32:2",
          "top": 57.5,
          "right": 6.4,
          "width": 13.6,
          "height": 4.8
        }
      ],
      "blocking": [{}],
      "blocking1": [{}],
      "blocking2": [{}]
    }
  },
  {
    "key": "496-15",
    "verse": "44:33",
    "coord": [
      {
        "key": "44:33:1",
        "top": 57.5,
        "right": 26.1,
        "width": 71.9,
        "height": 4.7
      }
    ],
    "covers": {
      "firstWord": [
        {
          "key": "44:33:1",
          "top": 57.5,
          "right": 45.3,
          "width": 52.7,
          "height": 4.7
        }
      ],
      "invisible": [
        {
          "key": "44:33:1",
          "top": 57.5,
          "right": 26.1,
          "width": 71.9,
          "height": 4.7
        }
      ],
      "blocking": [{}],
      "blocking1": [{}],
      "blocking2": [{}]
    }
  },
  {
    "key": "496-16",
    "verse": "44:34",
    "coord": [
      {
        "key": "44:34:1",
        "top": 62.6,
        "right": 13.6,
        "width": 37.1,
        "height": 4.8
      }
    ],
    "covers": {
      "firstWord": [
        {
          "key": "44:34:1",
          "top": 62.6,
          "right": 17.9,
          "width": 27.1,
          "height": 4.8
        }
      ],
      "invisible": [
        {
          "key": "44:34:1",
          "top": 62.6,
          "right": 13.6,
          "width": 32,
          "height": 4.8
        }
      ],
      "blocking": [{}],
      "blocking1": [{}],
      "blocking2": [{}]
    }
  },
  {
    "key": "496-17",
    "verse": "44:35",
    "coord": [
      {
        "key": "44:35:1",
        "top": 62.6,
        "right": 51.7,
        "width": 46.3,
        "height": 4.8
      },
      {
        "key": "44:35:2",
        "top": 67.7,
        "right": 6.4,
        "width": 27.1,
        "height": 4.8
      }
    ],
    "covers": {
      "firstWord": [
        {
          "key": "44:35:1",
          "top": 62.6,
          "right": 57.1,
          "width": 40.9,
          "height": 4.8
        },
        {
          "key": "44:35:2",
          "top": 67.7,
          "right": 6.4,
          "width": 22,
          "height": 4.8
        }
      ],
      "invisible": [
        {
          "key": "44:35:1",
          "top": 62.6,
          "right": 51.7,
          "width": 46.3,
          "height": 4.8
        },
        {
          "key": "44:35:2",
          "top": 67.7,
          "right": 6.4,
          "width": 22,
          "height": 4.8
        }
      ],
      "blocking": [{}],
      "blocking1": [{}],
      "blocking2": [{}]
    }
  },
  {
    "key": "496-18",
    "verse": "44:36",
    "coord": [
      {
        "key": "44:36:1",
        "top": 67.7,
        "right": 33.7,
        "width": 55.4,
        "height": 4.8
      }
    ],
    "covers": {
      "firstWord": [
        {
          "key": "44:36:1",
          "top": 67.7,
          "right": 40.6,
          "width": 43.3,
          "height": 4.8
        }
      ],
      "invisible": [
        {
          "key": "44:36:1",
          "top": 67.7,
          "right": 33.7,
          "width": 50.3,
          "height": 4.8
        }
      ],
      "blocking": [{}],
      "blocking1": [{}],
      "blocking2": [{}]
    }
  },
  {
    "key": "496-19",
    "verse": "44:37",
    "coord": [
      {
        "key": "44:37:1",
        "top": 67.7,
        "right": 90,
        "width": 8,
        "height": 4.8
      },
      {
        "key": "44:37:2",
        "top": 72.9,
        "right": 6.4,
        "width": 96.9,
        "height": 4.8
      }
    ],
    "covers": {
      "firstWord": [
        {
          "key": "44:37:2",
          "top": 72.9,
          "right": 6.4,
          "width": 91.8,
          "height": 4.8
        }
      ],
      "invisible": [
        {
          "key": "44:37:1",
          "top": 67.7,
          "right": 90,
          "width": 8,
          "height": 4.8
        },
        {
          "key": "44:37:2",
          "top": 72.9,
          "right": 6.4,
          "width": 91.8,
          "height": 4.8
        }
      ],
      "blocking": [{}],
      "blocking1": [{}],
      "blocking2": [{}]
    }
  },
  {
    "key": "496-20",
    "verse": "44:38",
    "coord": [
      {
        "key": "44:38:1",
        "top": 77.9,
        "right": 12.8,
        "width": 84.2,
        "height": 4.9
      }
    ],
    "covers": {
      "firstWord": [
        {
          "key": "44:38:1",
          "top": 77.9,
          "right": 19.5,
          "width": 72.4,
          "height": 4.9
        }
      ],
      "invisible": [
        {
          "key": "44:38:1",
          "top": 77.9,
          "right": 12.8,
          "width": 79.1,
          "height": 4.9
        }
      ],
      "blocking": [{}],
      "blocking1": [{}],
      "blocking2": [{}]
    }
  },
  {
    "key": "496-21",
    "verse": "44:39",
    "coord": [
      {
        "key": "44:39:1",
        "top": 83.1,
        "right": 6.4,
        "width": 90.8,
        "height": 5
      }
    ],
    "covers": {
      "firstWord": [
        {
          "key": "44:39:1",
          "top": 83.1,
          "right": 10.7,
          "width": 81,
          "height": 5
        }
      ],
      "invisible": [
        {
          "key": "44:39:1",
          "top": 83.1,
          "right": 6.4,
          "width": 85.7,
          "height": 5
        }
      ],
      "blocking": [{}],
      "blocking1": [{}],
      "blocking2": [{}]
    }
  }
]
