[
  {
    "key": "498-1",
    "verse": "45:1",
    "coord": [
      {
        "key": "45:1:1",
        "top": 16.4,
        "right": 6.4,
        "width": 12.1,
        "height": 5
      }
    ],
    "covers": {
      "firstWord": [
        {
          "key": "45:1:1",
          "top": 16.4,
          "right": 6.4,
          "width": 7,
          "height": 5
        }
      ],
      "invisible": [
        {
          "key": "45:1:1",
          "top": 16.4,
          "right": 6.4,
          "width": 7,
          "height": 5
        }
      ],
      "blocking": [
        {
          "key": "45:1:1",
          "top": 16.4,
          "right": 6.4,
          "width": 91.6,
          "height": 25.5
        },
        {
          "key": "45:1:1",
          "top": 42,
          "right": 6.4,
          "width": 34.5,
          "height": 5
        }
      ],
      "blocking1": [
        {
          "key": "45:1:1",
          "top": 42,
          "right": 40.9,
          "width": 57.1,
          "height": 5
        },
        {
          "key": "45:1:1",
          "top": 47.1,
          "right": 6.4,
          "width": 91.6,
          "height": 15.4
        },
        {
          "key": "45:1:1",
          "top": 62.5,
          "right": 6.4,
          "width": 84.5,
          "height": 5
        }
      ],
      "blocking2": [
        {
          "key": "45:1:1",
          "top": 62.5,
          "right": 90.9,
          "width": 7.1,
          "height": 5
        },
        {
          "key": "45:1:1",
          "top": 67.6,
          "right": 6.4,
          "width": 91.6,
          "height": 20.6
        }
      ]
    }
  },
  {
    "key": "498-2",
    "verse": "45:2",
    "coord": [
      {
        "key": "45:2:1",
        "top": 16.4,
        "right": 19,
        "width": 53.6,
        "height": 5
      }
    ],
    "covers": {
      "firstWord": [
        {
          "key": "45:2:1",
          "top": 16.4,
          "right": 27,
          "width": 40,
          "height": 5
        }
      ],
      "invisible": [
        {
          "key": "45:2:1",
          "top": 16.4,
          "right": 19,
          "width": 48.5,
          "height": 5
        }
      ],
      "blocking": [{}],
      "blocking1": [{}],
      "blocking2": [{}]
    }
  },
  {
    "key": "498-3",
    "verse": "45:3",
    "coord": [
      {
        "key": "45:3:1",
        "top": 16.4,
        "right": 73.5,
        "width": 24,
        "height": 5
      },
      {
        "key": "45:3:2",
        "top": 21.6,
        "right": 6.4,
        "width": 41.1,
        "height": 4.9
      }
    ],
    "covers": {
      "firstWord": [
        {
          "key": "45:3:1",
          "top": 16.4,
          "right": 73.5,
          "width": 24,
          "height": 5
        },
        {
          "key": "45:3:2",
          "top": 21.6,
          "right": 19,
          "width": 24,
          "height": 4.9
        }
      ],
      "invisible": [
        {
          "key": "45:3:1",
          "top": 16.4,
          "right": 73.5,
          "width": 24,
          "height": 5
        },
        {
          "key": "45:3:2",
          "top": 21.6,
          "right": 6.4,
          "width": 36,
          "height": 4.9
        }
      ],
      "blocking": [{}],
      "blocking1": [{}],
      "blocking2": [{}]
    }
  },
  {
    "key": "498-4",
    "verse": "45:4",
    "coord": [
      {
        "key": "45:4:1",
        "top": 21.6,
        "right": 49,
        "width": 49,
        "height": 4.9
      },
      {
        "key": "45:4:2",
        "top": 26.7,
        "right": 6.4,
        "width": 22.5,
        "height": 4.9
      }
    ],
    "covers": {
      "firstWord": [
        {
          "key": "45:4:1",
          "top": 21.6,
          "right": 53,
          "width": 45,
          "height": 4.9
        },
        {
          "key": "45:4:2",
          "top": 26.7,
          "right": 6.4,
          "width": 17.3,
          "height": 4.9
        }
      ],
      "invisible": [
        {
          "key": "45:4:1",
          "top": 21.6,
          "right": 49,
          "width": 49,
          "height": 4.9
        },
        {
          "key": "45:4:2",
          "top": 26.7,
          "right": 6.4,
          "width": 17.4,
          "height": 4.9
        }
      ],
      "blocking": [{}],
      "blocking1": [{}],
      "blocking2": [{}]
    }
  },
  {
    "key": "498-5",
    "verse": "45:5",
    "coord": [
      {
        "key": "45:5:1",
        "top": 26.7,
        "right": 29.5,
        "width": 68.5,
        "height": 4.9
      },
      {
        "key": "45:5:2",
        "top": 31.8,
        "right": 6.4,
        "width": 91.6,
        "height": 4.9
      },
      {
        "key": "45:5:3",
        "top": 36.9,
        "right": 6.4,
        "width": 17.1,
        "height": 5
      }
    ],
    "covers": {
      "firstWord": [
        {
          "key": "45:5:1",
          "top": 26.7,
          "right": 44,
          "width": 54,
          "height": 4.9
        },
        {
          "key": "45:5:2",
          "top": 31.8,
          "right": 6.4,
          "width": 91.6,
          "height": 4.9
        },
        {
          "key": "45:5:3",
          "top": 36.9,
          "right": 6.4,
          "width": 12,
          "height": 5
        }
      ],
      "invisible": [
        {
          "key": "45:5:1",
          "top": 26.7,
          "right": 29.5,
          "width": 68.5,
          "height": 4.9
        },
        {
          "key": "45:5:2",
          "top": 31.8,
          "right": 6.4,
          "width": 91.6,
          "height": 4.9
        },
        {
          "key": "45:5:3",
          "top": 36.9,
          "right": 6.4,
          "width": 12,
          "height": 5
        }
      ],
      "blocking": [{}],
      "blocking1": [{}],
      "blocking2": [{}]
    }
  },
  {
    "key": "498-6",
    "verse": "45:6",
    "coord": [
      {
        "key": "45:6:1",
        "top": 36.9,
        "right": 24,
        "width": 74,
        "height": 5
      },
      {
        "key": "45:6:2",
        "top": 42.1,
        "right": 6.4,
        "width": 33.7,
        "height": 4.8
      }
    ],
    "covers": {
      "firstWord": [
        {
          "key": "45:6:1",
          "top": 36.9,
          "right": 31,
          "width": 67,
          "height": 5
        },
        {
          "key": "45:6:2",
          "top": 42.1,
          "right": 6.4,
          "width": 28.6,
          "height": 4.8
        }
      ],
      "invisible": [
        {
          "key": "45:6:1",
          "top": 36.9,
          "right": 24,
          "width": 74,
          "height": 5
        },
        {
          "key": "45:6:2",
          "top": 42.1,
          "right": 6.4,
          "width": 28.6,
          "height": 4.8
        }
      ],
      "blocking": [{}],
      "blocking1": [{}],
      "blocking2": [{}]
    }
  },
  {
    "key": "498-7",
    "verse": "45:7",
    "coord": [
      {
        "key": "45:7:1",
        "top": 42.1,
        "right": 41.4,
        "width": 31.7,
        "height": 4.7
      }
    ],
    "covers": {
      "firstWord": [
        {
          "key": "45:7:1",
          "top": 42.1,
          "right": 47.5,
          "width": 21.5,
          "height": 4.7
        }
      ],
      "invisible": [
        {
          "key": "45:7:1",
          "top": 42.1,
          "right": 41.4,
          "width": 26.6,
          "height": 4.7
        }
      ],
      "blocking": [{}],
      "blocking1": [{}],
      "blocking2": [{}]
    }
  },
  {
    "key": "498-8",
    "verse": "45:8",
    "coord": [
      {
        "key": "45:8:1",
        "top": 42.1,
        "right": 75,
        "width": 23,
        "height": 4.8
      },
      {
        "key": "45:8:2",
        "top": 47.2,
        "right": 6.4,
        "width": 96.7,
        "height": 4.9
      }
    ],
    "covers": {
      "firstWord": [
        {
          "key": "45:8:1",
          "top": 42.1,
          "right": 84,
          "width": 14,
          "height": 4.8
        },
        {
          "key": "45:8:2",
          "top": 47.2,
          "right": 6.4,
          "width": 91.6,
          "height": 4.9
        }
      ],
      "invisible": [
        {
          "key": "45:8:1",
          "top": 42.1,
          "right": 75,
          "width": 23,
          "height": 4.8
        },
        {
          "key": "45:8:2",
          "top": 47.2,
          "right": 6.4,
          "width": 91.6,
          "height": 4.9
        }
      ],
      "blocking": [{}],
      "blocking1": [{}],
      "blocking2": [{}]
    }
  },
  {
    "key": "498-9",
    "verse": "45:9",
    "coord": [
      {
        "key": "45:9:1",
        "top": 52.4,
        "right": 13,
        "width": 85,
        "height": 4.8
      },
      {
        "key": "45:9:2",
        "top": 57.5,
        "right": 6.4,
        "width": 15.1,
        "height": 4.8
      }
    ],
    "covers": {
      "firstWord": [
        {
          "key": "45:9:1",
          "top": 52.4,
          "right": 20.5,
          "width": 77.5,
          "height": 4.8
        },
        {
          "key": "45:9:2",
          "top": 57.5,
          "right": 6.4,
          "width": 10,
          "height": 4.8
        }
      ],
      "invisible": [
        {
          "key": "45:9:1",
          "top": 52.4,
          "right": 13,
          "width": 85,
          "height": 4.8
        },
        {
          "key": "45:9:2",
          "top": 57.5,
          "right": 6.4,
          "width": 10,
          "height": 4.8
        }
      ],
      "blocking": [{}],
      "blocking1": [{}],
      "blocking2": [{}]
    }
  },
  {
    "key": "498-10",
    "verse": "45:10",
    "coord": [
      {
        "key": "45:10:1",
        "top": 57.5,
        "right": 22.5,
        "width": 75.5,
        "height": 4.8
      },
      {
        "key": "45:10:2",
        "top": 62.6,
        "right": 6.4,
        "width": 84.6,
        "height": 4.8
      }
    ],
    "covers": {
      "firstWord": [
        {
          "key": "45:10:1",
          "top": 57.5,
          "right": 28.3,
          "width": 69.7,
          "height": 4.8
        },
        {
          "key": "45:10:2",
          "top": 62.6,
          "right": 6.4,
          "width": 79.5,
          "height": 4.8
        }
      ],
      "invisible": [
        {
          "key": "45:10:1",
          "top": 57.5,
          "right": 22.5,
          "width": 75.5,
          "height": 4.8
        },
        {
          "key": "45:10:2",
          "top": 62.6,
          "right": 6.4,
          "width": 79,
          "height": 4.8
        }
      ],
      "blocking": [{}],
      "blocking1": [{}],
      "blocking2": [{}]
    }
  },
  {
    "key": "498-11",
    "verse": "45:11",
    "coord": [
      {
        "key": "45:11:1",
        "top": 62.6,
        "right": 91.4,
        "width": 6.6,
        "height": 4.8
      },
      {
        "key": "45:11:2",
        "top": 67.7,
        "right": 6.4,
        "width": 91.1,
        "height": 4.8
      }
    ],
    "covers": {
      "firstWord": [
        {
          "key": "45:11:2",
          "top": 67.7,
          "right": 6.4,
          "width": 86,
          "height": 4.8
        }
      ],
      "invisible": [
        {
          "key": "45:11:1",
          "top": 62.6,
          "right": 91.4,
          "width": 6.6,
          "height": 4.8
        },
        {
          "key": "45:11:2",
          "top": 67.7,
          "right": 6.4,
          "width": 86,
          "height": 4.8
        }
      ],
      "blocking": [{}],
      "blocking1": [{}],
      "blocking2": [{}]
    }
  },
  {
    "key": "498-12",
    "verse": "45:12",
    "coord": [
      {
        "key": "45:12:1",
        "top": 72.9,
        "right": 6.4,
        "width": 91.6,
        "height": 4.8
      },
      {
        "key": "45:12:2",
        "top": 77.9,
        "right": 6.4,
        "width": 47.1,
        "height": 4.9
      }
    ],
    "covers": {
      "firstWord": [
        {
          "key": "45:12:1",
          "top": 72.9,
          "right": 15.5,
          "width": 82.5,
          "height": 4.8
        },
        {
          "key": "45:12:2",
          "top": 77.9,
          "right": 6.4,
          "width": 42,
          "height": 4.9
        }
      ],
      "invisible": [
        {
          "key": "45:12:1",
          "top": 72.9,
          "right": 6.4,
          "width": 91.6,
          "height": 4.8
        },
        {
          "key": "45:12:2",
          "top": 77.9,
          "right": 6.4,
          "width": 42,
          "height": 4.9
        }
      ],
      "blocking": [{}],
      "blocking1": [{}],
      "blocking2": [{}]
    }
  },
  {
    "key": "498-13",
    "verse": "45:13",
    "coord": [
      {
        "key": "45:13:1",
        "top": 77.9,
        "right": 55,
        "width": 43,
        "height": 4.9
      },
      {
        "key": "45:13:2",
        "top": 83.1,
        "right": 6.4,
        "width": 91.1,
        "height": 5
      }
    ],
    "covers": {
      "firstWord": [
        {
          "key": "45:13:1",
          "top": 77.9,
          "right": 66.4,
          "width": 31.6,
          "height": 4.9
        },
        {
          "key": "45:13:2",
          "top": 83.1,
          "right": 6.4,
          "width": 86,
          "height": 5
        }
      ],
      "invisible": [
        {
          "key": "45:13:1",
          "top": 77.9,
          "right": 55,
          "width": 43,
          "height": 4.9
        },
        {
          "key": "45:13:2",
          "top": 83.1,
          "right": 6.4,
          "width": 86,
          "height": 5
        }
      ],
      "blocking": [{}],
      "blocking1": [{}],
      "blocking2": [{}]
    }
  }
]
