[
  {
    "key": "484-1",
    "verse": "42:16",
    "coord": [
      {
        "key": "42:16:1",
        "top": 11.3,
        "right": 6.4,
        "width": 91.6,
        "height": 4.9
      },
      {
        "key": "42:16:2",
        "top": 16.4,
        "right": 6.4,
        "width": 91.6,
        "height": 5
      }
    ],
    "covers": {
      "firstWord": [
        {
          "key": "42:16:1",
          "top": 11.3,
          "right": 17.8,
          "width": 80.2,
          "height": 4.9
        },
        {
          "key": "42:16:2",
          "top": 16.4,
          "right": 6.4,
          "width": 91.6,
          "height": 5
        }
      ],
      "invisible": [
        {
          "key": "42:16:1",
          "top": 11.3,
          "right": 6.4,
          "width": 91.6,
          "height": 4.9
        },
        {
          "key": "42:16:2",
          "top": 16.4,
          "right": 6.4,
          "width": 91.6,
          "height": 5
        }
      ],
      "blocking": [{}],
      "blocking1": [{}],
      "blocking2": [{}]
    }
  },
  {
    "key": "484-2",
    "verse": "42:17",
    "coord": [
      {
        "key": "42:17:1",
        "top": 21.6,
        "right": 11.9,
        "width": 86.1,
        "height": 4.9
      },
      {
        "key": "42:17:2",
        "top": 26.7,
        "right": 6.4,
        "width": 35.1,
        "height": 4.9
      }
    ],
    "covers": {
      "firstWord": [
        {
          "key": "42:17:1",
          "top": 21.6,
          "right": 18,
          "width": 80,
          "height": 4.9
        },
        {
          "key": "42:17:2",
          "top": 26.7,
          "right": 6.4,
          "width": 30,
          "height": 4.9
        }
      ],
      "invisible": [
        {
          "key": "42:17:1",
          "top": 21.6,
          "right": 11.9,
          "width": 86.1,
          "height": 4.9
        },
        {
          "key": "42:17:2",
          "top": 26.7,
          "right": 6.4,
          "width": 30,
          "height": 4.9
        }
      ],
      "blocking": [{}],
      "blocking1": [{}],
      "blocking2": [{}]
    }
  },
  {
    "key": "484-3",
    "verse": "42:18",
    "coord": [
      {
        "key": "42:18:1",
        "top": 26.7,
        "right": 42,
        "width": 56,
        "height": 4.9
      },

      {
        "key": "42:18:2",
        "top": 31.8,
        "right": 6.4,
        "width": 91.6,
        "height": 4.9
      },
      {
        "key": "42:18:3",
        "top": 36.9,
        "right": 6.4,
        "width": 91.1,
        "height": 5
      }
    ],
    "covers": {
      "firstWord": [
        {
          "key": "42:18:1",
          "top": 26.7,
          "right": 61.9,
          "width": 36.1,
          "height": 4.9
        },

        {
          "key": "42:18:2",
          "top": 31.8,
          "right": 6.4,
          "width": 91.6,
          "height": 4.9
        },
        {
          "key": "42:18:3",
          "top": 36.9,
          "right": 6.4,
          "width": 86,
          "height": 5
        }
      ],
      "invisible": [
        {
          "key": "42:18:1",
          "top": 26.7,
          "right": 42,
          "width": 56,
          "height": 4.9
        },
        {
          "key": "42:18:2",
          "top": 31.8,
          "right": 6.4,
          "width": 91.6,
          "height": 4.9
        },
        {
          "key": "42:18:3",
          "top": 36.9,
          "right": 6.4,
          "width": 86,
          "height": 5
        }
      ],
      "blocking": [{}],
      "blocking1": [{}],
      "blocking2": [{}]
    }
  },
  {
    "key": "484-4",
    "verse": "42:19",
    "coord": [
      {
        "key": "42:19:1",
        "top": 42.1,
        "right": 6.4,
        "width": 96.7,
        "height": 4.8
      }
    ],
    "covers": {
      "firstWord": [
        {
          "key": "42:19:1",
          "top": 42.1,
          "right": 12.4,
          "width": 85.6,
          "height": 4.8
        }
      ],
      "invisible": [
        {
          "key": "42:19:1",
          "top": 42.1,
          "right": 6.4,
          "width": 91.6,
          "height": 4.8
        }
      ],
      "blocking": [{}],
      "blocking1": [{}],
      "blocking2": [{}]
    }
  },
  {
    "key": "484-5",
    "verse": "42:20",
    "coord": [
      {
        "key": "42:20:1",
        "top": 47.2,
        "right": 11.9,
        "width": 86.1,
        "height": 4.9
      },

      {
        "key": "42:20:2",
        "top": 52.4,
        "right": 6.4,
        "width": 91.6,
        "height": 4.8
      },
      {
        "key": "42:20:3",
        "top": 57.5,
        "right": 6.4,
        "width": 16.6,
        "height": 4.8
      }
    ],
    "covers": {
      "firstWord": [
        {
          "key": "42:20:1",
          "top": 47.2,
          "right": 17.4,
          "width": 80.6,
          "height": 4.9
        },

        {
          "key": "42:20:2",
          "top": 52.4,
          "right": 6.4,
          "width": 91.6,
          "height": 4.8
        },
        {
          "key": "42:20:3",
          "top": 57.5,
          "right": 6.4,
          "width": 11.5,
          "height": 4.8
        }
      ],
      "invisible": [
        {
          "key": "42:20:1",
          "top": 47.2,
          "right": 11.9,
          "width": 86.1,
          "height": 4.9
        },
        {
          "key": "42:20:2",
          "top": 52.4,
          "right": 6.4,
          "width": 91.6,
          "height": 4.8
        },
        {
          "key": "42:20:3",
          "top": 57.5,
          "right": 6.4,
          "width": 11.5,
          "height": 4.8
        }
      ],
      "blocking": [{}],
      "blocking1": [{}],
      "blocking2": [{}]
    }
  },
  {
    "key": "484-6",
    "verse": "42:21",
    "coord": [
      {
        "key": "42:21:1",
        "top": 57.5,
        "right": 24,
        "width": 85,
        "height": 4.8
      },

      {
        "key": "42:21:2",
        "top": 62.6,
        "right": 6.4,
        "width": 91.8,
        "height": 4.8
      },
      {
        "key": "42:21:3",
        "top": 67.7,
        "right": 6.4,
        "width": 63.4,
        "height": 4.8
      }
    ],
    "covers": {
      "firstWord": [
        {
          "key": "42:21:1",
          "top": 57.5,
          "right": 29,
          "width": 69,
          "height": 4.8
        },
        {
          "key": "42:21:2",
          "top": 62.6,
          "right": 6.4,
          "width": 91.8,
          "height": 4.8
        },
        {
          "key": "42:21:3",
          "top": 67.7,
          "right": 6.4,
          "width": 58.3,
          "height": 4.8
        }
      ],
      "invisible": [
        {
          "key": "42:21:1",
          "top": 57.5,
          "right": 24,
          "width": 74,
          "height": 4.8
        },
        {
          "key": "42:21:2",
          "top": 62.6,
          "right": 6.4,
          "width": 91.8,
          "height": 4.8
        },
        {
          "key": "42:21:3",
          "top": 67.7,
          "right": 6.4,
          "width": 58.3,
          "height": 4.8
        }
      ],
      "blocking": [
        {
          "key": "43:11:1",
          "top": 11.3,
          "right": 6.4,
          "width": 91.6,
          "height": 30.6
        }
      ],
      "blocking1": [
        {
          "key": "43:11:1",
          "top": 41.9,
          "right": 6.4,
          "width": 91.6,
          "height": 15.3
        },
        {
          "key": "43:11:1",
          "top": 57.4,
          "right": 6.4,
          "width": 17.5,
          "height": 5.1
        }
      ],
      "blocking2": [
        {
          "key": "43:11:1",
          "top": 57.4,
          "right": 23.9,
          "width": 74.1,
          "height": 5.1
        },
        {
          "key": "43:11:1",
          "top": 62.5,
          "right": 6.4,
          "width": 91.6,
          "height": 25.7
        }
      ]
    }
  },
  {
    "key": "484-7",
    "verse": "42:22",
    "coord": [
      {
        "key": "42:22:1",
        "top": 67.7,
        "right": 70.5,
        "width": 27.5,
        "height": 4.8
      },
      {
        "key": "42:22:2",
        "top": 72.9,
        "right": 6.4,
        "width": 91.6,
        "height": 4.8
      },
      {
        "key": "42:22:3",
        "top": 77.9,
        "right": 6.4,
        "width": 91.6,
        "height": 4.9
      },
      {
        "key": "42:22:4",
        "top": 83.1,
        "right": 6.4,
        "width": 91.3,
        "height": 5
      }
    ],
    "covers": {
      "firstWord": [
        {
          "key": "42:22:1",
          "top": 67.7,
          "right": 79,
          "width": 19,
          "height": 4.8
        },
        {
          "key": "42:22:2",
          "top": 72.9,
          "right": 6.4,
          "width": 91.6,
          "height": 4.8
        },
        {
          "key": "42:22:3",
          "top": 77.9,
          "right": 6.4,
          "width": 91.6,
          "height": 4.9
        },
        {
          "key": "42:22:4",
          "top": 83.1,
          "right": 6.4,
          "width": 86.2,
          "height": 5
        }
      ],
      "invisible": [
        {
          "key": "42:22:1",
          "top": 67.7,
          "right": 70.5,
          "width": 27.5,
          "height": 4.8
        },
        {
          "key": "42:22:2",
          "top": 72.9,
          "right": 6.4,
          "width": 91.6,
          "height": 4.8
        },
        {
          "key": "42:22:3",
          "top": 77.9,
          "right": 6.4,
          "width": 91.6,
          "height": 4.9
        },
        {
          "key": "42:22:4",
          "top": 83.1,
          "right": 6.4,
          "width": 86.2,
          "height": 5
        }
      ],
      "blocking": [{}],
      "blocking1": [{}],
      "blocking2": [{}]
    }
  }
]
