[
  {
    "key": "485-1",
    "verse": "42:23",
    "coord": [
      {
        "key": "42:23:1",
        "top": 11.3,
        "right": 2.1,
        "width": 91.7,
        "height": 4.9
      },
      {
        "key": "42:23:2",
        "top": 16.4,
        "right": 2.1,
        "width": 91.7,
        "height": 5
      },
      {
        "key": "42:23:3",
        "top": 21.6,
        "right": 2.1,
        "width": 57.8,
        "height": 4.9
      }
    ],
    "covers": {
      "firstWord": [
        {
          "key": "42:23:1",
          "top": 11.3,
          "right": 9,
          "width": 84.8,
          "height": 4.9
        },
        {
          "key": "42:23:2",
          "top": 16.4,
          "right": 2.1,
          "width": 91.7,
          "height": 5
        },
        {
          "key": "42:23:3",
          "top": 21.6,
          "right": 2.1,
          "width": 52.7,
          "height": 4.9
        }
      ],
      "invisible": [
        {
          "key": "42:23:1",
          "top": 11.3,
          "right": 2.1,
          "width": 91.7,
          "height": 4.9
        },
        {
          "key": "42:23:2",
          "top": 16.4,
          "right": 2.1,
          "width": 91.7,
          "height": 5
        },
        {
          "key": "42:23:3",
          "top": 21.6,
          "right": 2.1,
          "width": 52.7,
          "height": 4.9
        }
      ],
      "blocking": [
        {
          "key": "42:23:1",
          "top": 11.3,
          "right": 2.1,
          "width": 91.7,
          "height": 20.3
        },
        {
          "key": "42:23:1",
          "top": 31.7,
          "right": 2.1,
          "width": 68.4,
          "height": 5
        }
      ],
      "blocking1": [
        {
          "key": "42:23:1",
          "top": 31.7,
          "right": 70.5,
          "width": 23.3,
          "height": 5
        },
        {
          "key": "42:23:1",
          "top": 36.8,
          "right": 2.1,
          "width": 91.7,
          "height": 25.6
        },
        {
          "key": "42:23:1",
          "top": 62.5,
          "right": 2.1,
          "width": 56.5,
          "height": 5
        }
      ],
      "blocking2": [
        {
          "key": "42:23:1",
          "top": 62.5,
          "right": 58.6,
          "width": 35.2,
          "height": 5
        },
        {
          "key": "42:23:1",
          "top": 67.6,
          "right": 2.1,
          "width": 91.7,
          "height": 21.1
        }
      ]
    }
  },
  {
    "key": "485-2",
    "verse": "42:24",
    "coord": [
      {
        "key": "42:24:1",
        "top": 21.6,
        "right": 55,
        "width": 38.8,
        "height": 4.9
      },
      {
        "key": "42:24:2",
        "top": 26.7,
        "right": 2.1,
        "width": 91.7,
        "height": 4.9
      },
      {
        "key": "42:24:3",
        "top": 31.8,
        "right": 2.1,
        "width": 68,
        "height": 4.9
      }
    ],
    "covers": {
      "firstWord": [
        {
          "key": "42:24:1",
          "top": 21.6,
          "right": 64,
          "width": 29.8,
          "height": 4.9
        },
        {
          "key": "42:24:2",
          "top": 26.7,
          "right": 2.1,
          "width": 91.7,
          "height": 4.9
        },
        {
          "key": "42:24:3",
          "top": 31.8,
          "right": 2.1,
          "width": 62.9,
          "height": 4.9
        }
      ],
      "invisible": [
        {
          "key": "42:24:1",
          "top": 21.6,
          "right": 55,
          "width": 38.8,
          "height": 4.9
        },
        {
          "key": "42:24:2",
          "top": 26.7,
          "right": 2.1,
          "width": 91.7,
          "height": 4.9
        },
        {
          "key": "42:24:3",
          "top": 31.8,
          "right": 2.1,
          "width": 62.9,
          "height": 4.9
        }
      ],
      "blocking": [{}],
      "blocking1": [{}],
      "blocking2": [{}]
    }
  },
  {
    "key": "485-3",
    "verse": "42:25",
    "coord": [
      {
        "key": "42:25:1",
        "top": 31.8,
        "right": 70.6,
        "width": 23.2,
        "height": 4.9
      },
      {
        "key": "42:25:2",
        "top": 36.9,
        "right": 2.1,
        "width": 96.8,
        "height": 5
      }
    ],
    "covers": {
      "firstWord": [
        {
          "key": "42:25:1",
          "top": 31.8,
          "right": 78.1,
          "width": 15.7,
          "height": 4.9
        },
        {
          "key": "42:25:2",
          "top": 36.9,
          "right": 2.1,
          "width": 91.7,
          "height": 5
        }
      ],
      "invisible": [
        {
          "key": "42:25:1",
          "top": 31.8,
          "right": 70.6,
          "width": 23.2,
          "height": 4.9
        },
        {
          "key": "42:25:2",
          "top": 36.9,
          "right": 2.1,
          "width": 91.7,
          "height": 5
        }
      ],
      "blocking": [{}],
      "blocking1": [{}],
      "blocking2": [{}]
    }
  },
  {
    "key": "485-4",
    "verse": "42:26",
    "coord": [
      {
        "key": "42:26:1",
        "top": 42.1,
        "right": 7.8,
        "width": 86,
        "height": 4.8
      },
      {
        "key": "42:26:2",
        "top": 47.2,
        "right": 2.1,
        "width": 56.1,
        "height": 4.9
      }
    ],
    "covers": {
      "firstWord": [
        {
          "key": "42:26:1",
          "top": 42.1,
          "right": 23.6,
          "width": 70.2,
          "height": 4.8
        },
        {
          "key": "42:26:2",
          "top": 47.2,
          "right": 2.1,
          "width": 51,
          "height": 4.9
        }
      ],
      "invisible": [
        {
          "key": "42:26:1",
          "top": 42.1,
          "right": 7.8,
          "width": 86,
          "height": 4.8
        },
        {
          "key": "42:26:2",
          "top": 47.2,
          "right": 2.1,
          "width": 51,
          "height": 4.9
        }
      ],
      "blocking": [{}],
      "blocking1": [{}],
      "blocking2": [{}]
    }
  },
  {
    "key": "485-5",
    "verse": "42:27",
    "coord": [
      {
        "key": "42:27:1",
        "top": 47.2,
        "right": 63,
        "width": 30.8,
        "height": 4.8
      },
      {
        "key": "42:27:2",
        "top": 52.4,
        "right": 2.1,
        "width": 91.7,
        "height": 4.8
      },
      {
        "key": "42:27:3",
        "top": 57.5,
        "right": 2.1,
        "width": 23,
        "height": 4.8
      }
    ],
    "covers": {
      "firstWord": [
        {
          "key": "42:27:1",
          "top": 47.2,
          "right": 69,
          "width": 24.8,
          "height": 4.8
        },
        {
          "key": "42:27:2",
          "top": 52.4,
          "right": 2.1,
          "width": 91.7,
          "height": 4.8
        },
        {
          "key": "42:27:3",
          "top": 57.5,
          "right": 2.1,
          "width": 17.9,
          "height": 4.8
        }
      ],
      "invisible": [
        {
          "key": "42:27:1",
          "top": 47.2,
          "right": 63,
          "width": 30.8,
          "height": 4.8
        },
        {
          "key": "42:27:2",
          "top": 52.4,
          "right": 2.1,
          "width": 91.7,
          "height": 4.8
        },
        {
          "key": "42:27:3",
          "top": 57.5,
          "right": 2.1,
          "width": 17.9,
          "height": 4.8
        }
      ],
      "blocking": [{}],
      "blocking1": [{}],
      "blocking2": [{}]
    }
  },
  {
    "key": "485-6",
    "verse": "42:28",
    "coord": [
      {
        "key": "42:28:1",
        "top": 57.5,
        "right": 26.1,
        "width": 67.7,
        "height": 4.8
      },
      {
        "key": "42:28:2",
        "top": 62.6,
        "right": 2.1,
        "width": 55.1,
        "height": 4.8
      }
    ],
    "covers": {
      "firstWord": [
        {
          "key": "42:28:1",
          "top": 57.5,
          "right": 34.5,
          "width": 59.3,
          "height": 4.8
        },
        {
          "key": "42:28:2",
          "top": 62.6,
          "right": 2.1,
          "width": 50,
          "height": 4.8
        }
      ],
      "invisible": [
        {
          "key": "42:28:1",
          "top": 57.5,
          "right": 26.1,
          "width": 67.7,
          "height": 4.8
        },
        {
          "key": "42:28:2",
          "top": 62.6,
          "right": 2.1,
          "width": 50,
          "height": 4.8
        }
      ],
      "blocking": [{}],
      "blocking1": [{}],
      "blocking2": [{}]
    }
  },
  {
    "key": "485-7",
    "verse": "42:29",
    "coord": [
      {
        "key": "42:29:1",
        "top": 62.6,
        "right": 59,
        "width": 34.8,
        "height": 4.8
      },
      {
        "key": "42:29:2",
        "top": 67.7,
        "right": 2.1,
        "width": 91.7,
        "height": 4.8
      },
      {
        "key": "42:29:3",
        "top": 72.9,
        "right": 2.1,
        "width": 29.1,
        "height": 4.8
      }
    ],
    "covers": {
      "firstWord": [
        {
          "key": "42:29:1",
          "top": 62.6,
          "right": 62.6,
          "width": 31.2,
          "height": 4.8
        },
        {
          "key": "42:29:2",
          "top": 67.7,
          "right": 2.1,
          "width": 91.7,
          "height": 4.8
        },
        {
          "key": "42:29:3",
          "top": 72.9,
          "right": 2.1,
          "width": 24,
          "height": 4.8
        }
      ],
      "invisible": [
        {
          "key": "42:29:1",
          "top": 62.6,
          "right": 59,
          "width": 34.8,
          "height": 4.8
        },
        {
          "key": "42:29:2",
          "top": 67.7,
          "right": 2.1,
          "width": 91.7,
          "height": 4.8
        },
        {
          "key": "42:29:3",
          "top": 72.9,
          "right": 2.1,
          "width": 24,
          "height": 4.8
        }
      ],
      "blocking": [{}],
      "blocking1": [{}],
      "blocking2": [{}]
    }
  },
  {
    "key": "485-8",
    "verse": "42:30",
    "coord": [
      {
        "key": "42:30:1",
        "top": 72.9,
        "right": 32.1,
        "width": 61.7,
        "height": 4.8
      },
      {
        "key": "42:30:2",
        "top": 77.9,
        "right": 2.1,
        "width": 61.1,
        "height": 4.9
      }
    ],
    "covers": {
      "firstWord": [
        {
          "key": "42:30:1",
          "top": 72.9,
          "right": 40,
          "width": 53.8,
          "height": 4.8
        },
        {
          "key": "42:30:2",
          "top": 77.9,
          "right": 2.1,
          "width": 56,
          "height": 4.9
        }
      ],
      "invisible": [
        {
          "key": "42:30:1",
          "top": 72.9,
          "right": 32.1,
          "width": 61.7,
          "height": 4.8
        },
        {
          "key": "42:30:2",
          "top": 77.9,
          "right": 2.1,
          "width": 56,
          "height": 4.9
        }
      ],
      "blocking": [{}],
      "blocking1": [{}],
      "blocking2": [{}]
    }
  },
  {
    "key": "485-9",
    "verse": "42:31",
    "coord": [
      {
        "key": "42:31:1",
        "top": 77.9,
        "right": 64,
        "width": 29.8,
        "height": 4.7
      },
      {
        "key": "42:31:2",
        "top": 83.1,
        "right": 2.1,
        "width": 90.6,
        "height": 5
      }
    ],
    "covers": {
      "firstWord": [
        {
          "key": "42:31:1",
          "top": 77.9,
          "right": 70,
          "width": 23.8,
          "height": 4.7
        },
        {
          "key": "42:31:2",
          "top": 83.1,
          "right": 2.1,
          "width": 85.5,
          "height": 5
        }
      ],
      "invisible": [
        {
          "key": "42:31:1",
          "top": 77.9,
          "right": 64,
          "width": 29.8,
          "height": 4.7
        },
        {
          "key": "42:31:2",
          "top": 83.1,
          "right": 2.1,
          "width": 85.5,
          "height": 5
        }
      ],
      "blocking": [{}],
      "blocking1": [{}],
      "blocking2": [{}]
    }
  }
]
