[
  {
    "key": "486-1",
    "verse": "42:32",
    "coord": [
      {
        "key": "42:32:1",
        "top": 11.3,
        "right": 6.4,
        "width": 60.1,
        "height": 4.9
      }
    ],
    "covers": {
      "firstWord": [
        {
          "key": "42:32:1",
          "top": 11.3,
          "right": 14,
          "width": 47.4,
          "height": 4.9
        }
      ],
      "invisible": [
        {
          "key": "42:32:1",
          "top": 11.3,
          "right": 6.4,
          "width": 55,
          "height": 4.9
        }
      ],
      "blocking": [
        {
          "key": "41:47:1",
          "top": 11.3,
          "right": 6.4,
          "width": 91.6,
          "height": 25.47
        },
        {
          "key": "41:47:1",
          "top": 36.8,
          "right": 6.4,
          "width": 17.5,
          "height": 5.1
        }
      ],
      "blocking1": [
        {
          "key": "41:47:1",
          "top": 36.8,
          "right": 23.9,
          "width": 74.1,
          "height": 5.1
        },
        {
          "key": "41:47:1",
          "top": 41.9,
          "right": 6.4,
          "width": 91.6,
          "height": 15.5
        },
        {
          "key": "41:47:1",
          "top": 57.4,
          "right": 6.4,
          "width": 63.5,
          "height": 5
        }
      ],
      "blocking2": [
        {
          "key": "41:47:1",
          "top": 57.4,
          "right": 69.9,
          "width": 28.1,
          "height": 5
        },
        {
          "key": "41:47:1",
          "top": 62.5,
          "right": 6.4,
          "width": 91.6,
          "height": 25.7
        }
      ]
    }
  },
  {
    "key": "486-2",
    "verse": "42:33",
    "coord": [
      {
        "key": "42:33:1",
        "top": 11.3,
        "right": 67,
        "width": 31,
        "height": 4.9
      },
      {
        "key": "42:33:2",
        "top": 16.4,
        "right": 6.4,
        "width": 96.7,
        "height": 5
      }
    ],
    "covers": {
      "firstWord": [
        {
          "key": "42:33:1",
          "top": 11.3,
          "right": 72,
          "width": 26,
          "height": 4.9
        },
        {
          "key": "42:33:2",
          "top": 16.4,
          "right": 6.4,
          "width": 91.6,
          "height": 5
        }
      ],
      "invisible": [
        {
          "key": "42:33:1",
          "top": 11.3,
          "right": 67,
          "width": 31,
          "height": 4.9
        },
        {
          "key": "42:33:2",
          "top": 16.4,
          "right": 6.4,
          "width": 91.6,
          "height": 5
        }
      ],
      "blocking": [{}],
      "blocking1": [{}],
      "blocking2": [{}]
    }
  },
  {
    "key": "486-3",
    "verse": "42:34",
    "coord": [
      {
        "key": "42:34:1",
        "top": 21.6,
        "right": 12,
        "width": 61.3,
        "height": 4.9
      }
    ],
    "covers": {
      "firstWord": [
        {
          "key": "42:34:1",
          "top": 21.6,
          "right": 16.4,
          "width": 51.8,
          "height": 4.9
        }
      ],
      "invisible": [
        {
          "key": "42:34:1",
          "top": 21.6,
          "right": 12,
          "width": 56.2,
          "height": 4.9
        }
      ],
      "blocking": [{}],
      "blocking1": [{}],
      "blocking2": [{}]
    }
  },
  {
    "key": "486-4",
    "verse": "42:35",
    "coord": [
      {
        "key": "42:35:1",
        "top": 21.6,
        "right": 73.4,
        "width": 24.6,
        "height": 4.9
      },
      {
        "key": "42:35:2",
        "top": 26.7,
        "right": 6.4,
        "width": 57.4,
        "height": 4.9
      }
    ],
    "covers": {
      "firstWord": [
        {
          "key": "42:35:1",
          "top": 21.6,
          "right": 87.5,
          "width": 10.5,
          "height": 4.9
        },
        {
          "key": "42:35:2",
          "top": 26.7,
          "right": 6.4,
          "width": 52.3,
          "height": 4.9
        }
      ],
      "invisible": [
        {
          "key": "42:35:1",
          "top": 21.6,
          "right": 73.4,
          "width": 24.6,
          "height": 4.9
        },
        {
          "key": "42:35:2",
          "top": 26.7,
          "right": 6.4,
          "width": 52.3,
          "height": 4.9
        }
      ],
      "blocking": [{}],
      "blocking1": [{}],
      "blocking2": [{}]
    }
  },
  {
    "key": "486-5",
    "verse": "42:36",
    "coord": [
      {
        "key": "42:36:1",
        "top": 26.7,
        "right": 65,
        "width": 33,
        "height": 4.9
      },
      {
        "key": "42:36:2",
        "top": 31.8,
        "right": 6.4,
        "width": 91.6,
        "height": 4.9
      },
      {
        "key": "42:36:3",
        "top": 36.9,
        "right": 6.4,
        "width": 17.1,
        "height": 5
      }
    ],
    "covers": {
      "firstWord": [
        {
          "key": "42:36:1",
          "top": 26.7,
          "right": 69.5,
          "width": 28.5,
          "height": 4.9
        },
        {
          "key": "42:36:2",
          "top": 31.8,
          "right": 6.4,
          "width": 91.6,
          "height": 4.9
        },
        {
          "key": "42:36:3",
          "top": 36.9,
          "right": 6.4,
          "width": 12,
          "height": 5
        }
      ],
      "invisible": [
        {
          "key": "42:36:1",
          "top": 26.7,
          "right": 65,
          "width": 33,
          "height": 4.9
        },
        {
          "key": "42:36:2",
          "top": 31.8,
          "right": 6.4,
          "width": 91.6,
          "height": 4.9
        },
        {
          "key": "42:36:3",
          "top": 36.9,
          "right": 6.4,
          "width": 12,
          "height": 5
        }
      ],
      "blocking": [{}],
      "blocking1": [{}],
      "blocking2": [{}]
    }
  },
  {
    "key": "486-6",
    "verse": "42:37",
    "coord": [
      {
        "key": "42:37:1",
        "top": 36.9,
        "right": 24,
        "width": 74,
        "height": 5
      },
      {
        "key": "42:37:2",
        "top": 42.1,
        "right": 6.4,
        "width": 23.7,
        "height": 4.8
      }
    ],
    "covers": {
      "firstWord": [
        {
          "key": "42:37:1",
          "top": 36.9,
          "right": 34,
          "width": 64,
          "height": 5
        },
        {
          "key": "42:37:2",
          "top": 42.1,
          "right": 6.4,
          "width": 18.6,
          "height": 4.8
        }
      ],
      "invisible": [
        {
          "key": "42:37:1",
          "top": 36.9,
          "right": 24,
          "width": 74,
          "height": 5
        },
        {
          "key": "42:37:2",
          "top": 42.1,
          "right": 6.4,
          "width": 18.6,
          "height": 4.8
        }
      ],
      "blocking": [{}],
      "blocking1": [{}],
      "blocking2": [{}]
    }
  },
  {
    "key": "486-7",
    "verse": "42:38",
    "coord": [
      {
        "key": "42:38:1",
        "top": 42.1,
        "right": 30.4,
        "width": 67.6,
        "height": 4.8
      },
      {
        "key": "42:38:2",
        "top": 47.2,
        "right": 6.4,
        "width": 55.6,
        "height": 4.9
      }
    ],
    "covers": {
      "firstWord": [
        {
          "key": "42:38:1",
          "top": 42.1,
          "right": 41.4,
          "width": 56.6,
          "height": 4.8
        },
        {
          "key": "42:38:2",
          "top": 47.2,
          "right": 6.4,
          "width": 50.5,
          "height": 4.9
        }
      ],
      "invisible": [
        {
          "key": "42:38:1",
          "top": 42.1,
          "right": 30.4,
          "width": 67.6,
          "height": 4.8
        },
        {
          "key": "42:38:2",
          "top": 47.2,
          "right": 6.4,
          "width": 50.5,
          "height": 4.9
        }
      ],
      "blocking": [{}],
      "blocking1": [{}],
      "blocking2": [{}]
    }
  },
  {
    "key": "486-8",
    "verse": "42:39",
    "coord": [
      {
        "key": "42:39:1",
        "top": 47.2,
        "right": 62.6,
        "width": 35.4,
        "height": 4.9
      },
      {
        "key": "42:39:2",
        "top": 52.4,
        "right": 6.4,
        "width": 25.1,
        "height": 4.8
      }
    ],
    "covers": {
      "firstWord": [
        {
          "key": "42:39:1",
          "top": 47.2,
          "right": 72.4,
          "width": 25.6,
          "height": 4.9
        },
        {
          "key": "42:39:2",
          "top": 52.4,
          "right": 6.4,
          "width": 20,
          "height": 4.8
        }
      ],
      "invisible": [
        {
          "key": "42:39:1",
          "top": 47.2,
          "right": 62.6,
          "width": 35.4,
          "height": 4.9
        },
        {
          "key": "42:39:2",
          "top": 52.4,
          "right": 6.4,
          "width": 20,
          "height": 4.8
        }
      ],
      "blocking": [{}],
      "blocking1": [{}],
      "blocking2": [{}]
    }
  },
  {
    "key": "486-9",
    "verse": "42:40",
    "coord": [
      {
        "key": "42:40:1",
        "top": 52.4,
        "right": 32.4,
        "width": 65.6,
        "height": 4.8
      },
      {
        "key": "42:40:2",
        "top": 57.5,
        "right": 6.4,
        "width": 61.1,
        "height": 4.8
      }
    ],
    "covers": {
      "firstWord": [
        {
          "key": "42:40:1",
          "top": 52.4,
          "right": 45,
          "width": 53,
          "height": 4.8
        },
        {
          "key": "42:40:2",
          "top": 57.5,
          "right": 6.4,
          "width": 56,
          "height": 4.8
        }
      ],
      "invisible": [
        {
          "key": "42:40:1",
          "top": 52.4,
          "right": 32.4,
          "width": 65.6,
          "height": 4.8
        },
        {
          "key": "42:40:2",
          "top": 57.5,
          "right": 6.4,
          "width": 56,
          "height": 4.8
        }
      ],
      "blocking": [{}],
      "blocking1": [{}],
      "blocking2": [{}]
    }
  },
  {
    "key": "486-10",
    "verse": "42:41",
    "coord": [
      {
        "key": "42:41:1",
        "top": 57.5,
        "right": 70,
        "width": 28,
        "height": 4.8
      },
      {
        "key": "42:41:2",
        "top": 62.6,
        "right": 6.4,
        "width": 61.1,
        "height": 4.8
      }
    ],
    "covers": {
      "firstWord": [
        {
          "key": "42:41:1",
          "top": 57.5,
          "right": 79,
          "width": 19,
          "height": 4.8
        },
        {
          "key": "42:41:2",
          "top": 62.6,
          "right": 6.4,
          "width": 56,
          "height": 4.8
        }
      ],
      "invisible": [
        {
          "key": "42:41:1",
          "top": 57.5,
          "right": 70,
          "width": 28,
          "height": 4.8
        },
        {
          "key": "42:41:2",
          "top": 62.6,
          "right": 6.4,
          "width": 56,
          "height": 4.8
        }
      ],
      "blocking": [{}],
      "blocking1": [{}],
      "blocking2": [{}]
    }
  },
  {
    "key": "486-11",
    "verse": "42:42",
    "coord": [
      {
        "key": "42:42:1",
        "top": 62.6,
        "right": 68,
        "width": 30,
        "height": 4.8
      },
      {
        "key": "42:42:2",
        "top": 67.7,
        "right": 6.4,
        "width": 91.6,
        "height": 4.8
      },
      {
        "key": "42:42:3",
        "top": 72.9,
        "right": 6.4,
        "width": 23.9,
        "height": 4.8
      }
    ],
    "covers": {
      "firstWord": [
        {
          "key": "42:42:1",
          "top": 62.6,
          "right": 74.2,
          "width": 23.8,
          "height": 4.8
        },
        {
          "key": "42:42:2",
          "top": 67.7,
          "right": 6.4,
          "width": 91.6,
          "height": 4.8
        },
        {
          "key": "42:42:3",
          "top": 72.9,
          "right": 6.4,
          "width": 18.8,
          "height": 4.8
        }
      ],
      "invisible": [
        {
          "key": "42:42:1",
          "top": 62.6,
          "right": 68,
          "width": 30,
          "height": 4.8
        },
        {
          "key": "42:42:2",
          "top": 67.7,
          "right": 6.4,
          "width": 91.6,
          "height": 4.8
        },
        {
          "key": "42:42:3",
          "top": 72.9,
          "right": 6.4,
          "width": 18.8,
          "height": 4.8
        }
      ],
      "blocking": [{}],
      "blocking1": [{}],
      "blocking2": [{}]
    }
  },
  {
    "key": "486-12",
    "verse": "42:43",
    "coord": [
      {
        "key": "42:43:1",
        "top": 72.9,
        "right": 31.4,
        "width": 71.7,
        "height": 4.8
      }
    ],
    "covers": {
      "firstWord": [
        {
          "key": "42:43:1",
          "top": 72.9,
          "right": 39.5,
          "width": 58.5,
          "height": 4.8
        }
      ],
      "invisible": [
        {
          "key": "42:43:1",
          "top": 72.9,
          "right": 31.4,
          "width": 66.6,
          "height": 4.8
        }
      ],
      "blocking": [{}],
      "blocking1": [{}],
      "blocking2": [{}]
    }
  },
  {
    "key": "486-13",
    "verse": "42:44",
    "coord": [
      {
        "key": "42:44:1",
        "top": 77.9,
        "right": 11.8,
        "width": 86.2,
        "height": 4.9
      },
      {
        "key": "42:44:2",
        "top": 83.1,
        "right": 6.4,
        "width": 90.9,
        "height": 5
      }
    ],
    "covers": {
      "firstWord": [
        {
          "key": "42:44:1",
          "top": 77.9,
          "right": 19,
          "width": 79,
          "height": 4.9
        },
        {
          "key": "42:44:2",
          "top": 83.1,
          "right": 6.4,
          "width": 85.8,
          "height": 5
        }
      ],
      "invisible": [
        {
          "key": "42:44:1",
          "top": 77.9,
          "right": 11.8,
          "width": 86.2,
          "height": 4.9
        },
        {
          "key": "42:44:2",
          "top": 83.1,
          "right": 6.4,
          "width": 85.8,
          "height": 5
        }
      ],
      "blocking": [{}],
      "blocking1": [{}],
      "blocking2": [{}]
    }
  }
]
