[
  {
    "key": "487-1",
    "verse": "41:45",
    "coord": [
      {
        "key": "41:45:1",
        "top": 11.3,
        "right": 2.1,
        "width": 91.7,
        "height": 4.9
      },
      {
        "key": "41:45:2",
        "top": 16.4,
        "right": 2.1,
        "width": 91.7,
        "height": 5
      },
      {
        "key": "41:45:3",
        "top": 21.6,
        "right": 2.1,
        "width": 91.7,
        "height": 4.9
      },
      {
        "key": "41:45:4",
        "top": 26.7,
        "right": 2.1,
        "width": 15.6,
        "height": 4.9
      }
    ],
    "covers": {
      "firstWord": [
        {
          "key": "41:45:1",
          "top": 11.3,
          "right": 15,
          "width": 78.8,
          "height": 4.9
        },
        {
          "key": "41:45:2",
          "top": 16.4,
          "right": 2.1,
          "width": 91.7,
          "height": 5
        },
        {
          "key": "41:45:3",
          "top": 21.6,
          "right": 2.1,
          "width": 91.7,
          "height": 4.9
        },
        {
          "key": "41:45:4",
          "top": 26.7,
          "right": 2.1,
          "width": 10.5,
          "height": 4.9
        }
      ],
      "invisible": [
        {
          "key": "41:45:1",
          "top": 11.3,
          "right": 2.1,
          "width": 91.7,
          "height": 4.9
        },
        {
          "key": "41:45:2",
          "top": 16.4,
          "right": 2.1,
          "width": 91.7,
          "height": 5
        },
        {
          "key": "41:45:3",
          "top": 21.6,
          "right": 2.1,
          "width": 91.7,
          "height": 4.9
        },
        {
          "key": "41:45:4",
          "top": 26.7,
          "right": 2.1,
          "width": 10.5,
          "height": 4.9
        }
      ],
      "blocking": [
        {
          "key": "41:45:1",
          "top": 11.3,
          "right": 2.1,
          "width": 91.7,
          "height": 20.3
        },
        {
          "key": "41:45:1",
          "top": 31.7,
          "right": 2.1,
          "width": 75,
          "height": 5
        }
      ],
      "blocking1": [
        {
          "key": "41:45:1",
          "top": 31.7,
          "right": 77.1,
          "width": 16.7,
          "height": 5
        },
        {
          "key": "41:45:1",
          "top": 36.8,
          "right": 2.1,
          "width": 91.7,
          "height": 20.6
        },
        {
          "key": "41:45:1",
          "top": 57.4,
          "right": 2.1,
          "width": 77.2,
          "height": 5
        }
      ],
      "blocking2": [
        {
          "key": "41:45:1",
          "top": 57.4,
          "right": 79.3,
          "width": 14.5,
          "height": 5
        },
        {
          "key": "41:45:1",
          "top": 62.4,
          "right": 2.1,
          "width": 91.7,
          "height": 25.9
        }
      ]
    }
  },
  {
    "key": "487-2",
    "verse": "41:46",
    "coord": [
      {
        "key": "41:46:1",
        "top": 26.7,
        "right": 18,
        "width": 75.8,
        "height": 4.9
      },
      {
        "key": "41:46:2",
        "top": 31.8,
        "right": 2.1,
        "width": 74.1,
        "height": 4.9
      }
    ],
    "covers": {
      "firstWord": [
        {
          "key": "41:46:1",
          "top": 26.7,
          "right": 24,
          "width": 69.8,
          "height": 4.9
        },
        {
          "key": "41:46:2",
          "top": 31.8,
          "right": 2.1,
          "width": 69,
          "height": 4.9
        }
      ],
      "invisible": [
        {
          "key": "41:46:1",
          "top": 26.7,
          "right": 18,
          "width": 75.8,
          "height": 4.9
        },
        {
          "key": "41:46:2",
          "top": 31.8,
          "right": 2.1,
          "width": 69,
          "height": 4.9
        }
      ],
      "blocking": [{}],
      "blocking1": [{}],
      "blocking2": [{}]
    }
  },
  {
    "key": "487-3",
    "verse": "41:47",
    "coord": [
      {
        "key": "41:47:1",
        "top": 31.8,
        "right": 77.1,
        "width": 16.7,
        "height": 4.9
      },
      {
        "key": "41:47:2",
        "top": 36.9,
        "right": 2.1,
        "width": 91.7,
        "height": 5
      },
      {
        "key": "41:47:3",
        "top": 42.1,
        "right": 2.1,
        "width": 66.1,
        "height": 4.8
      }
    ],
    "covers": {
      "firstWord": [
        {
          "key": "41:47:2",
          "top": 36.9,
          "right": 2.1,
          "width": 91.7,
          "height": 5
        },
        {
          "key": "41:47:3",
          "top": 42.1,
          "right": 2.1,
          "width": 61,
          "height": 4.8
        }
      ],
      "invisible": [
        {
          "key": "41:47:1",
          "top": 31.8,
          "right": 77.1,
          "width": 16.7,
          "height": 4.9
        },
        {
          "key": "41:47:2",
          "top": 36.9,
          "right": 2.1,
          "width": 91.7,
          "height": 5
        },
        {
          "key": "41:47:3",
          "top": 42.1,
          "right": 2.1,
          "width": 61,
          "height": 4.8
        }
      ],
      "blocking": [{}],
      "blocking1": [{}],
      "blocking2": [{}]
    }
  },
  {
    "key": "487-4",
    "verse": "41:48",
    "coord": [
      {
        "key": "41:48:1",
        "top": 42.1,
        "right": 69,
        "width": 24.8,
        "height": 4.8
      },
      {
        "key": "41:48:2",
        "top": 47.2,
        "right": 2.1,
        "width": 91.7,
        "height": 4.9
      },
      {
        "key": "41:48:3",
        "top": 52.4,
        "right": 2.1,
        "width": 91.7,
        "height": 4.8
      },
      {
        "key": "41:48:4",
        "top": 57.5,
        "right": 2.1,
        "width": 76.6,
        "height": 4.8
      }
    ],
    "covers": {
      "firstWord": [
        {
          "key": "41:48:1",
          "top": 42.1,
          "right": 79,
          "width": 14.8,
          "height": 4.8
        },
        {
          "key": "41:48:2",
          "top": 47.2,
          "right": 2.1,
          "width": 91.7,
          "height": 4.9
        },
        {
          "key": "41:48:3",
          "top": 52.4,
          "right": 2.1,
          "width": 91.7,
          "height": 4.8
        },
        {
          "key": "41:48:4",
          "top": 57.5,
          "right": 2.1,
          "width": 71.5,
          "height": 4.8
        }
      ],
      "invisible": [
        {
          "key": "41:48:1",
          "top": 42.1,
          "right": 69,
          "width": 24.8,
          "height": 4.8
        },
        {
          "key": "41:48:2",
          "top": 47.2,
          "right": 2.1,
          "width": 91.7,
          "height": 4.9
        },
        {
          "key": "41:48:3",
          "top": 52.4,
          "right": 2.1,
          "width": 91.7,
          "height": 4.8
        },
        {
          "key": "41:48:4",
          "top": 57.5,
          "right": 2.1,
          "width": 71.5,
          "height": 4.8
        }
      ],
      "blocking": [{}],
      "blocking1": [{}],
      "blocking2": [{}]
    }
  },
  {
    "key": "487-5",
    "verse": "41:49",
    "coord": [
      {
        "key": "41:49:1",
        "top": 57.5,
        "right": 79,
        "width": 14.8,
        "height": 4.8
      },
      {
        "key": "41:49:2",
        "top": 62.6,
        "right": 2.1,
        "width": 91.7,
        "height": 4.8
      },
      {
        "key": "41:49:3",
        "top": 67.7,
        "right": 2.1,
        "width": 38.3,
        "height": 4.8
      }
    ],
    "covers": {
      "firstWord": [
        {
          "key": "41:49:1",
          "top": 57.5,
          "right": 85,
          "width": 8.8,
          "height": 4.8
        },
        {
          "key": "41:49:2",
          "top": 62.6,
          "right": 2.1,
          "width": 91.7,
          "height": 4.8
        },
        {
          "key": "41:49:3",
          "top": 67.7,
          "right": 2.1,
          "width": 38.3,
          "height": 4.8
        }
      ],
      "invisible": [
        {
          "key": "41:49:1",
          "top": 57.5,
          "right": 79,
          "width": 14.8,
          "height": 4.8
        },
        {
          "key": "41:49:2",
          "top": 62.6,
          "right": 2.1,
          "width": 91.7,
          "height": 4.8
        },
        {
          "key": "41:49:3",
          "top": 67.7,
          "right": 2.1,
          "width": 38.3,
          "height": 4.8
        }
      ],
      "blocking": [{}],
      "blocking1": [{}],
      "blocking2": [{}]
    }
  },
  {
    "key": "487-6",
    "verse": "41:50",
    "coord": [
      {
        "key": "41:50:1",
        "top": 67.7,
        "right": 46,
        "width": 47.8,
        "height": 4.8
      },
      {
        "key": "41:50:2",
        "top": 72.9,
        "right": 2.1,
        "width": 70.7,
        "height": 4.8
      }
    ],
    "covers": {
      "firstWord": [
        {
          "key": "41:50:1",
          "top": 67.7,
          "right": 50.5,
          "width": 43.3,
          "height": 4.8
        },
        {
          "key": "41:50:2",
          "top": 72.9,
          "right": 2.1,
          "width": 65.6,
          "height": 4.8
        }
      ],
      "invisible": [
        {
          "key": "41:50:1",
          "top": 67.7,
          "right": 46,
          "width": 47.8,
          "height": 4.8
        },
        {
          "key": "41:50:2",
          "top": 72.9,
          "right": 2.1,
          "width": 65.6,
          "height": 4.8
        }
      ],
      "blocking": [{}],
      "blocking1": [{}],
      "blocking2": [{}]
    }
  },
  {
    "key": "487-7",
    "verse": "41:51",
    "coord": [
      {
        "key": "41:51:1",
        "top": 72.9,
        "right": 75,
        "width": 18.8,
        "height": 4.8
      },
      {
        "key": "41:51:2",
        "top": 77.9,
        "right": 2.1,
        "width": 91.7,
        "height": 4.9
      },
      {
        "key": "41:51:3",
        "top": 83.1,
        "right": 2.1,
        "width": 90.6,
        "height": 5
      }
    ],
    "covers": {
      "firstWord": [
        {
          "key": "41:51:1",
          "top": 72.9,
          "right": 81.5,
          "width": 12.3,
          "height": 4.8
        },
        {
          "key": "41:51:2",
          "top": 77.9,
          "right": 2.1,
          "width": 91.7,
          "height": 4.9
        },
        {
          "key": "41:51:3",
          "top": 83.1,
          "right": 2.1,
          "width": 85.5,
          "height": 5
        }
      ],
      "invisible": [
        {
          "key": "41:51:1",
          "top": 72.9,
          "right": 75,
          "width": 18.8,
          "height": 4.8
        },
        {
          "key": "41:51:2",
          "top": 77.9,
          "right": 2.1,
          "width": 91.7,
          "height": 4.9
        },
        {
          "key": "41:51:3",
          "top": 83.1,
          "right": 2.1,
          "width": 85.5,
          "height": 5
        }
      ],
      "blocking": [{}],
      "blocking1": [{}],
      "blocking2": [{}]
    }
  }
]
