[
  {
    "key": "489-1",
    "verse": "43:11",
    "coord": [
      {
        "key": "43:11:1",
        "top": 11.3,
        "right": 2.1,
        "width": 91.7,
        "height": 4.9
      },
      {
        "key": "43:11:2",
        "top": 16.4,
        "right": 2.1,
        "width": 33.1,
        "height": 5
      }
    ],
    "covers": {
      "firstWord": [
        {
          "key": "43:11:1",
          "top": 11.3,
          "right": 13,
          "width": 80.9,
          "height": 4.9
        },
        {
          "key": "43:11:2",
          "top": 16.4,
          "right": 2.1,
          "width": 28,
          "height": 5
        }
      ],
      "invisible": [
        {
          "key": "43:11:1",
          "top": 11.3,
          "right": 2.1,
          "width": 91.7,
          "height": 4.9
        },
        {
          "key": "43:11:2",
          "top": 16.4,
          "right": 2.1,
          "width": 28,
          "height": 5
        }
      ],
      "blocking": [
        {
          "key": "43:11:1",
          "top": 11.3,
          "right": 2.1,
          "width": 91.7,
          "height": 30.6
        },
        {
          "key": "43:11:1",
          "top": 42,
          "right": 2.1,
          "width": 30.5,
          "height": 5
        }
      ],
      "blocking1": [
        {
          "key": "43:11:1",
          "top": 42,
          "right": 32.6,
          "width": 61.2,
          "height": 5
        },
        {
          "key": "43:11:1",
          "top": 47.1,
          "right": 2.1,
          "width": 91.7,
          "height": 20.6
        },
        {
          "key": "43:11:1",
          "top": 67.6,
          "right": 2.1,
          "width": 38.7,
          "height": 5
        }
      ],
      "blocking2": [
        {
          "key": "43:11:1",
          "top": 67.6,
          "right": 40.8,
          "width": 53,
          "height": 5
        },
        {
          "key": "43:11:1",
          "top": 72.6,
          "right": 2.1,
          "width": 91.7,
          "height": 15.6
        }
      ]
    }
  },
  {
    "key": "489-2",
    "verse": "43:12",
    "coord": [
      {
        "key": "43:12:1",
        "top": 16.4,
        "right": 36,
        "width": 57.8,
        "height": 5
      },
      {
        "key": "43:12:2",
        "top": 21.6,
        "right": 2.1,
        "width": 56.1,
        "height": 4.9
      }
    ],
    "covers": {
      "firstWord": [
        {
          "key": "43:12:1",
          "top": 16.4,
          "right": 47.5,
          "width": 46.3,
          "height": 5
        },
        {
          "key": "43:12:2",
          "top": 21.6,
          "right": 2.1,
          "width": 51,
          "height": 4.9
        }
      ],
      "invisible": [
        {
          "key": "43:12:1",
          "top": 16.4,
          "right": 36,
          "width": 57.8,
          "height": 5
        },
        {
          "key": "43:12:2",
          "top": 21.6,
          "right": 2.1,
          "width": 51,
          "height": 4.9
        }
      ],
      "blocking": [{}],
      "blocking1": [{}],
      "blocking2": [{}]
    }
  },
  {
    "key": "489-3",
    "verse": "43:13",
    "coord": [
      {
        "key": "43:13:1",
        "top": 21.6,
        "right": 60,
        "width": 33.8,
        "height": 4.9
      },
      {
        "key": "43:13:2",
        "top": 26.7,
        "right": 2.1,
        "width": 91.7,
        "height": 4.9
      },
      {
        "key": "43:13:3",
        "top": 31.8,
        "right": 2.1,
        "width": 62.1,
        "height": 4.9
      }
    ],
    "covers": {
      "firstWord": [
        {
          "key": "43:13:1",
          "top": 21.6,
          "right": 72.4,
          "width": 21.4,
          "height": 4.9
        },
        {
          "key": "43:13:2",
          "top": 26.7,
          "right": 2.1,
          "width": 91.7,
          "height": 4.9
        },
        {
          "key": "43:13:3",
          "top": 31.8,
          "right": 2.1,
          "width": 67,
          "height": 4.9
        }
      ],
      "invisible": [
        {
          "key": "43:13:1",
          "top": 21.6,
          "right": 60,
          "width": 33.8,
          "height": 4.9
        },
        {
          "key": "43:13:2",
          "top": 26.7,
          "right": 2.1,
          "width": 91.7,
          "height": 4.9
        },
        {
          "key": "43:13:3",
          "top": 31.8,
          "right": 2.1,
          "width": 67,
          "height": 4.9
        }
      ],
      "blocking": [{}],
      "blocking1": [{}],
      "blocking2": [{}]
    }
  },
  {
    "key": "489-4",
    "verse": "43:14",
    "coord": [
      {
        "key": "43:14:1",
        "top": 31.8,
        "right": 75,
        "width": 18.8,
        "height": 4.9
      },
      {
        "key": "43:14:2",
        "top": 36.9,
        "right": 2.1,
        "width": 25.1,
        "height": 5
      }
    ],
    "covers": {
      "firstWord": [
        {
          "key": "43:14:1",
          "top": 31.8,
          "right": 81.9,
          "width": 11.9,
          "height": 4.9
        },
        {
          "key": "43:14:2",
          "top": 36.9,
          "right": 2.1,
          "width": 20,
          "height": 5
        }
      ],
      "invisible": [
        {
          "key": "43:14:1",
          "top": 31.8,
          "right": 75,
          "width": 18.8,
          "height": 4.9
        },
        {
          "key": "43:14:2",
          "top": 36.9,
          "right": 2.1,
          "width": 20,
          "height": 5
        }
      ],
      "blocking": [{}],
      "blocking1": [{}],
      "blocking2": [{}]
    }
  },
  {
    "key": "489-5",
    "verse": "43:15",
    "coord": [
      {
        "key": "43:15:1",
        "top": 36.9,
        "right": 28.5,
        "width": 65.3,
        "height": 5
      },
      {
        "key": "43:15:2",
        "top": 42.1,
        "right": 2.1,
        "width": 29.6,
        "height": 4.8
      }
    ],
    "covers": {
      "firstWord": [
        {
          "key": "43:15:1",
          "top": 36.9,
          "right": 42.5,
          "width": 51.3,
          "height": 5
        },
        {
          "key": "43:15:2",
          "top": 42.1,
          "right": 2.1,
          "width": 24.5,
          "height": 4.8
        }
      ],
      "invisible": [
        {
          "key": "43:15:1",
          "top": 36.9,
          "right": 28.5,
          "width": 65.3,
          "height": 5
        },
        {
          "key": "43:15:2",
          "top": 42.1,
          "right": 2.1,
          "width": 24.5,
          "height": 4.8
        }
      ],
      "blocking": [{}],
      "blocking1": [{}],
      "blocking2": [{}]
    }
  },
  {
    "key": "489-6",
    "verse": "43:16",
    "coord": [
      {
        "key": "43:16:1",
        "top": 42.1,
        "right": 32.6,
        "width": 61.2,
        "height": 4.8
      },
      {
        "key": "43:16:2",
        "top": 47.2,
        "right": 2.1,
        "width": 19.1,
        "height": 4.9
      }
    ],
    "covers": {
      "firstWord": [
        {
          "key": "43:16:1",
          "top": 42.1,
          "right": 37.4,
          "width": 56.4,
          "height": 4.8
        },
        {
          "key": "43:16:2",
          "top": 47.2,
          "right": 2.1,
          "width": 14,
          "height": 4.9
        }
      ],
      "invisible": [
        {
          "key": "43:16:1",
          "top": 42.1,
          "right": 32.6,
          "width": 61.2,
          "height": 4.8
        },
        {
          "key": "43:16:2",
          "top": 47.2,
          "right": 2.1,
          "width": 14,
          "height": 4.9
        }
      ],
      "blocking": [{}],
      "blocking1": [{}],
      "blocking2": [{}]
    }
  },
  {
    "key": "489-7",
    "verse": "43:17",
    "coord": [
      {
        "key": "43:17:1",
        "top": 47.2,
        "right": 22.1,
        "width": 71.7,
        "height": 4.9
      },
      {
        "key": "43:17:2",
        "top": 52.4,
        "right": 2.1,
        "width": 58,
        "height": 4.8
      }
    ],
    "covers": {
      "firstWord": [
        {
          "key": "43:17:1",
          "top": 47.2,
          "right": 29.2,
          "width": 64.6,
          "height": 4.9
        },
        {
          "key": "43:17:2",
          "top": 52.4,
          "right": 2.1,
          "width": 52.9,
          "height": 4.8
        }
      ],
      "invisible": [
        {
          "key": "43:17:1",
          "top": 47.2,
          "right": 22.1,
          "width": 71.7,
          "height": 4.9
        },
        {
          "key": "43:17:2",
          "top": 52.4,
          "right": 2.1,
          "width": 52.9,
          "height": 4.8
        }
      ],
      "blocking": [{}],
      "blocking1": [{}],
      "blocking2": [{}]
    }
  },
  {
    "key": "489-8",
    "verse": "43:18",
    "coord": [
      {
        "key": "43:18:1",
        "top": 52.4,
        "right": 61,
        "width": 32.8,
        "height": 4.8
      },
      {
        "key": "43:18:2",
        "top": 57.5,
        "right": 2.1,
        "width": 60.1,
        "height": 4.8
      }
    ],
    "covers": {
      "firstWord": [
        {
          "key": "43:18:1",
          "top": 52.4,
          "right": 67.1,
          "width": 26.7,
          "height": 4.8
        },
        {
          "key": "43:18:2",
          "top": 57.5,
          "right": 2.1,
          "width": 55,
          "height": 4.8
        }
      ],
      "invisible": [
        {
          "key": "43:18:1",
          "top": 52.4,
          "right": 61,
          "width": 32.8,
          "height": 4.8
        },
        {
          "key": "43:18:2",
          "top": 57.5,
          "right": 2.1,
          "width": 55,
          "height": 4.8
        }
      ],
      "blocking": [{}],
      "blocking1": [{}],
      "blocking2": [{}]
    }
  },
  {
    "key": "489-9",
    "verse": "43:19",
    "coord": [
      {
        "key": "43:19:1",
        "top": 57.5,
        "right": 62.5,
        "width": 31.3,
        "height": 4.8
      },
      {
        "key": "43:19:2",
        "top": 62.6,
        "right": 2.1,
        "width": 91.7,
        "height": 4.8
      },
      {
        "key": "43:19:2",
        "top": 67.7,
        "right": 2.1,
        "width": 37.2,
        "height": 4.8
      }
    ],
    "covers": {
      "firstWord": [
        {
          "key": "43:19:1",
          "top": 57.5,
          "right": 77.1,
          "width": 16.7,
          "height": 4.8
        },
        {
          "key": "43:19:2",
          "top": 62.6,
          "right": 2.1,
          "width": 91.7,
          "height": 4.8
        },
        {
          "key": "43:19:2",
          "top": 67.7,
          "right": 2.1,
          "width": 32.1,
          "height": 4.8
        }
      ],
      "invisible": [
        {
          "key": "43:19:1",
          "top": 57.5,
          "right": 62.5,
          "width": 31.3,
          "height": 4.8
        },
        {
          "key": "43:19:2",
          "top": 62.6,
          "right": 2.1,
          "width": 91.7,
          "height": 4.8
        },
        {
          "key": "43:19:2",
          "top": 67.7,
          "right": 2.1,
          "width": 32.1,
          "height": 4.8
        }
      ],
      "blocking": [{}],
      "blocking1": [{}],
      "blocking2": [{}]
    }
  },
  {
    "key": "489-10",
    "verse": "43:20",
    "coord": [
      {
        "key": "43:20:1",
        "top": 67.7,
        "right": 41,
        "width": 52.8,
        "height": 4.8
      },
      {
        "key": "43:20:2",
        "top": 72.9,
        "right": 2.1,
        "width": 72.4,
        "height": 4.8
      }
    ],
    "covers": {
      "firstWord": [
        {
          "key": "43:20:1",
          "top": 67.7,
          "right": 50.8,
          "width": 43,
          "height": 4.8
        },
        {
          "key": "43:20:2",
          "top": 72.9,
          "right": 2.1,
          "width": 67.3,
          "height": 4.8
        }
      ],
      "invisible": [
        {
          "key": "43:20:1",
          "top": 67.7,
          "right": 41,
          "width": 52.8,
          "height": 4.8
        },
        {
          "key": "43:20:2",
          "top": 72.9,
          "right": 2.1,
          "width": 67.3,
          "height": 4.8
        }
      ],
      "blocking": [{}],
      "blocking1": [{}],
      "blocking2": [{}]
    }
  },
  {
    "key": "489-11",
    "verse": "43:21",
    "coord": [
      {
        "key": "43:21:1",
        "top": 72.9,
        "right": 75,
        "width": 18.8,
        "height": 4.8
      },
      {
        "key": "43:21:2",
        "top": 77.9,
        "right": 2.1,
        "width": 74,
        "height": 4.9
      }
    ],
    "covers": {
      "firstWord": [
        {
          "key": "43:21:1",
          "top": 72.9,
          "right": 78.7,
          "width": 15.1,
          "height": 4.8
        },
        {
          "key": "43:21:2",
          "top": 77.9,
          "right": 2.1,
          "width": 68.9,
          "height": 4.9
        }
      ],
      "invisible": [
        {
          "key": "43:21:1",
          "top": 72.9,
          "right": 75,
          "width": 18.8,
          "height": 4.8
        },
        {
          "key": "43:21:2",
          "top": 77.9,
          "right": 2.1,
          "width": 68.9,
          "height": 4.9
        }
      ],
      "blocking": [{}],
      "blocking1": [{}],
      "blocking2": [{}]
    }
  },
  {
    "key": "489-12",
    "verse": "43:22",
    "coord": [
      {
        "key": "43:22:1",
        "top": 77.9,
        "right": 76.7,
        "width": 17.1,
        "height": 4.9
      },
      {
        "key": "43:22:2",
        "top": 83.1,
        "right": 2.1,
        "width": 90.6,
        "height": 5
      }
    ],
    "covers": {
      "firstWord": [
        {
          "key": "43:22:1",
          "top": 77.9,
          "right": 83.5,
          "width": 10.3,
          "height": 4.9
        },
        {
          "key": "43:22:2",
          "top": 83.1,
          "right": 2.1,
          "width": 85.5,
          "height": 5
        }
      ],
      "invisible": [
        {
          "key": "43:22:1",
          "top": 77.9,
          "right": 76.7,
          "width": 17.1,
          "height": 4.9
        },
        {
          "key": "43:22:2",
          "top": 83.1,
          "right": 2.1,
          "width": 85.5,
          "height": 5
        }
      ],
      "blocking": [{}],
      "blocking1": [{}],
      "blocking2": [{}]
    }
  }
]
